title,year,url,user_rating,user_like
Michael,2026,https://letterboxd.com/film/michael-2026/,2.0,0
"You, Me & Tuscany",2026,https://letterboxd.com/film/you-me-tuscany/,2.5,0
Lee Cronin's The Mummy,2026,https://letterboxd.com/film/lee-cronins-the-mummy/,2.0,0
The Super Mario Galaxy Movie,2026,https://letterboxd.com/film/the-super-mario-galaxy-movie/,2.0,0
The Drama,2026,https://letterboxd.com/film/the-drama/,3.5,0
Forbidden Fruits,2026,https://letterboxd.com/film/forbidden-fruits-2026/,4.0,1
Mike & Nick & Nick & Alice,2026,https://letterboxd.com/film/mike-nick-nick-alice/,3.5,0
Pretty Lethal,2026,https://letterboxd.com/film/pretty-lethal/,2.0,0
Ready or Not 2: Here I Come,2026,https://letterboxd.com/film/ready-or-not-2-here-i-come/,2.5,0
Monitor,2026,https://letterboxd.com/film/monitor-2026/,3.5,0
Reminders of Him,2026,https://letterboxd.com/film/reminders-of-him/,1.5,0
Project Hail Mary,2026,https://letterboxd.com/film/project-hail-mary/,3.5,0
The Bride!,2026,https://letterboxd.com/film/the-bride-2026/,3.0,0
Hoppers,2026,https://letterboxd.com/film/hoppers/,4.0,0
Psycho Killer,2026,https://letterboxd.com/film/psycho-killer-2026/,1.5,0
How to Make a Killing,2026,https://letterboxd.com/film/how-to-make-a-killing-2026/,3.0,0
War Machine,2026,https://letterboxd.com/film/war-machine-2026/,1.5,0
Wuthering Heights,2026,https://letterboxd.com/film/wuthering-heights-2026/,2.0,0
Send Help,2026,https://letterboxd.com/film/send-help/,4.0,1
The Rip,2026,https://letterboxd.com/film/the-rip-2026/,3.0,0
28 Years Later: The Bone Temple,2026,https://letterboxd.com/film/28-years-later-the-bone-temple/,4.0,0
Stranger Things 5: The Finale,2025,https://letterboxd.com/film/stranger-things-5-the-finale/,2.5,0
The Housemaid,2025,https://letterboxd.com/film/the-housemaid-2025/,2.5,0
Oh. What. Fun.,2025,https://letterboxd.com/film/oh-what-fun/,1.5,0
Avatar: Fire and Ash,2025,https://letterboxd.com/film/avatar-fire-and-ash/,4.0,1
Zootopia 2,2025,https://letterboxd.com/film/zootopia-2/,3.5,0
Wicked: For Good,2025,https://letterboxd.com/film/wicked-for-good/,2.0,0
The Running Man,2025,https://letterboxd.com/film/the-running-man-2025/,3.5,0
Now You See Me: Now You Don't,2025,https://letterboxd.com/film/now-you-see-me-now-you-dont-2025/,2.0,0
Bāhubali: The Epic,2025,https://letterboxd.com/film/bahubali-the-epic/,4.0,1
Predator: Badlands,2025,https://letterboxd.com/film/predator-badlands/,3.5,0
Song Sung Blue,2025,https://letterboxd.com/film/song-sung-blue-2025/,3.0,0
Regretting You,2025,https://letterboxd.com/film/regretting-you/,2.0,0
Is This Thing On?,2025,https://letterboxd.com/film/is-this-thing-on-2025/,3.5,0
Marty Supreme,2025,https://letterboxd.com/film/marty-supreme/,4.0,1
TRON: Ares,2025,https://letterboxd.com/film/tron-ares/,2.0,0
Play Dirty,2025,https://letterboxd.com/film/play-dirty-2025-1/,2.5,0
"Good Luck, Have Fun, Don't Die",2025,https://letterboxd.com/film/good-luck-have-fun-dont-die/,2.0,0
Black Phone 2,2025,https://letterboxd.com/film/black-phone-2/,3.5,0
Primate,2025,https://letterboxd.com/film/primate-2025/,2.5,0
HIM,2025,https://letterboxd.com/film/him-2025/,2.0,0
Swiped,2025,https://letterboxd.com/film/swiped-2025/,2.0,0
One Battle After Another,2025,https://letterboxd.com/film/one-battle-after-another/,5.0,1
The Long Walk,2025,https://letterboxd.com/film/the-long-walk-2025/,3.5,0
The Christophers,2025,https://letterboxd.com/film/the-christophers/,3.5,0
Hedda,2025,https://letterboxd.com/film/hedda-2025/,3.0,0
Whitetail,2025,https://letterboxd.com/film/whitetail-2025/,3.0,0
Obsession,2025,https://letterboxd.com/film/obsession-2025-2/,4.0,1
Good Fortune,2025,https://letterboxd.com/film/good-fortune-2025/,3.0,0
100 Nights of Hero,2025,https://letterboxd.com/film/100-nights-of-hero/,3.0,1
Wake Up Dead Man,2025,https://letterboxd.com/film/wake-up-dead-man/,4.0,1
Sacrifice,2025,https://letterboxd.com/film/sacrifice-2025/,2.0,0
Roofman,2025,https://letterboxd.com/film/roofman/,4.0,0
Fuze,2025,https://letterboxd.com/film/fuze/,3.5,0
A House of Dynamite,2025,https://letterboxd.com/film/a-house-of-dynamite/,2.5,0
Dead Man's Wire,2025,https://letterboxd.com/film/dead-mans-wire/,3.5,0
The Conjuring: Last Rites,2025,https://letterboxd.com/film/the-conjuring-last-rites/,2.5,0
The Smashing Machine,2025,https://letterboxd.com/film/the-smashing-machine-2025/,3.0,0
The Testament of Ann Lee,2025,https://letterboxd.com/film/the-testament-of-ann-lee/,4.0,0
The Wizard of the Kremlin,2025,https://letterboxd.com/film/the-wizard-of-the-kremlin/,2.0,0
Frankenstein,2025,https://letterboxd.com/film/frankenstein-2025/,2.5,0
Hamnet,2025,https://letterboxd.com/film/hamnet/,3.5,0
Springsteen: Deliver Me from Nowhere,2025,https://letterboxd.com/film/springsteen-deliver-me-from-nowhere/,2.5,0
After the Hunt,2025,https://letterboxd.com/film/after-the-hunt-2025/,3.5,0
Ballad of a Small Player,2025,https://letterboxd.com/film/ballad-of-a-small-player/,2.5,0
No Other Choice,2025,https://letterboxd.com/film/no-other-choice-2025/,4.5,1
Jay Kelly,2025,https://letterboxd.com/film/jay-kelly/,3.5,0
Bugonia,2025,https://letterboxd.com/film/bugonia/,3.5,0
The Roses,2025,https://letterboxd.com/film/the-roses-2025/,3.0,0
Nobody 2,2025,https://letterboxd.com/film/nobody-2/,2.5,0
Caught Stealing,2025,https://letterboxd.com/film/caught-stealing/,3.0,0
Freakier Friday,2025,https://letterboxd.com/film/freakier-friday/,2.5,0
Weapons,2025,https://letterboxd.com/film/weapons-2025/,3.0,0
The Naked Gun,2025,https://letterboxd.com/film/the-naked-gun/,3.5,0
The Fantastic 4: First Steps,2025,https://letterboxd.com/film/the-fantastic-4-first-steps/,3.5,0
Superman,2025,https://letterboxd.com/film/superman-2025/,2.5,0
KPop Demon Hunters,2025,https://letterboxd.com/film/kpop-demon-hunters/,3.5,0
28 Years Later,2025,https://letterboxd.com/film/28-years-later/,4.5,1
Jurassic World Rebirth,2025,https://letterboxd.com/film/jurassic-world-rebirth/,2.0,0
F1,2025,https://letterboxd.com/film/f1/,3.0,0
Bride Hard,2025,https://letterboxd.com/film/bride-hard/,0.5,0
Materialists,2025,https://letterboxd.com/film/materialists/,4.0,1
Predator: Killer of Killers,2025,https://letterboxd.com/film/predator-killer-of-killers/,3.5,0
Echo Valley,2025,https://letterboxd.com/film/echo-valley/,2.5,0
The Mastermind,2025,https://letterboxd.com/film/the-mastermind-2025/,4.0,1
Ballerina,2025,https://letterboxd.com/film/ballerina-2025/,3.5,0
The History of Sound,2025,https://letterboxd.com/film/the-history-of-sound/,2.5,0
Highest 2 Lowest,2025,https://letterboxd.com/film/highest-2-lowest/,4.0,1
Fountain of Youth,2025,https://letterboxd.com/film/fountain-of-youth-2025/,1.5,0
Alpha,2025,https://letterboxd.com/film/alpha-2025/,3.5,0
My Father's Shadow,2025,https://letterboxd.com/film/my-fathers-shadow-2025/,4.0,0
The Phoenician Scheme,2025,https://letterboxd.com/film/the-phoenician-scheme/,2.5,0
The Secret Agent,2025,https://letterboxd.com/film/the-secret-agent-2025/,3.5,0
Pillion,2025,https://letterboxd.com/film/pillion-2025/,4.0,1
Dangerous Animals,2025,https://letterboxd.com/film/dangerous-animals/,3.0,0
Urchin,2025,https://letterboxd.com/film/urchin-2025/,3.0,0
Die My Love,2025,https://letterboxd.com/film/die-my-love/,4.0,1
Eddington,2025,https://letterboxd.com/film/eddington/,2.0,0
Sons of the Neon Night,2025,https://letterboxd.com/film/sons-of-the-neon-night/,1.5,0
Bring Her Back,2025,https://letterboxd.com/film/bring-her-back/,2.5,0
Case 137,2025,https://letterboxd.com/film/case-137-2025/,3.5,0
Sound of Falling,2025,https://letterboxd.com/film/sound-of-falling/,4.5,1
Adam's Sake,2025,https://letterboxd.com/film/adams-sake/,2.5,0
Leave One Day,2025,https://letterboxd.com/film/leave-one-day/,3.0,0
Final Destination Bloodlines,2025,https://letterboxd.com/film/final-destination-bloodlines/,4.0,0
Thunderbolts*,2025,https://letterboxd.com/film/thunderbolts/,3.0,0
Sinners,2025,https://letterboxd.com/film/sinners-2025/,4.5,1
A Minecraft Movie,2025,https://letterboxd.com/film/a-minecraft-movie/,1.0,0
A Working Man,2025,https://letterboxd.com/film/a-working-man/,1.5,0
Snow White,2025,https://letterboxd.com/film/snow-white-2025/,2.0,0
The Alto Knights,2025,https://letterboxd.com/film/the-alto-knights/,2.5,0
Warfare,2025,https://letterboxd.com/film/warfare/,3.5,0
Novocaine,2025,https://letterboxd.com/film/novocaine-2025/,3.0,0
Drop,2025,https://letterboxd.com/film/drop-2025/,3.0,0
Black Bag,2025,https://letterboxd.com/film/black-bag-2025/,4.0,1
The Accountant²,2025,https://letterboxd.com/film/the-accountant-2025/,3.5,0
Death of a Unicorn,2025,https://letterboxd.com/film/death-of-a-unicorn/,1.5,0
Another Simple Favor,2025,https://letterboxd.com/film/another-simple-favor/,2.0,0
In the Lost Lands,2025,https://letterboxd.com/film/in-the-lost-lands/,3.0,0
The Electric State,2025,https://letterboxd.com/film/the-electric-state/,0.5,0
Blue Moon,2025,https://letterboxd.com/film/blue-moon-2025/,3.5,0
Mickey 17,2025,https://letterboxd.com/film/mickey-17/,3.0,0
The Monkey,2025,https://letterboxd.com/film/the-monkey-2025/,3.0,0
The Gorge,2025,https://letterboxd.com/film/the-gorge-2025/,2.5,0
Love Hurts,2025,https://letterboxd.com/film/love-hurts-2025/,2.0,0
"Sorry, Baby",2025,https://letterboxd.com/film/sorry-baby-2025/,4.0,1
Opus,2025,https://letterboxd.com/film/opus-2025/,2.5,0
"Oh, Hi!",2025,https://letterboxd.com/film/oh-hi/,2.5,0
Together,2025,https://letterboxd.com/film/together-2025/,3.5,0
Predators,2025,https://letterboxd.com/film/predators-2025/,3.0,0
If I Had Legs I'd Kick You,2025,https://letterboxd.com/film/if-i-had-legs-id-kick-you/,4.0,1
Companion,2025,https://letterboxd.com/film/companion-2025/,2.5,0
Wolf Man,2025,https://letterboxd.com/film/wolf-man-2025/,1.5,0
Sonic the Hedgehog 3,2024,https://letterboxd.com/film/sonic-the-hedgehog-3/,3.0,0
A Complete Unknown,2024,https://letterboxd.com/film/a-complete-unknown/,2.5,0
Mufasa: The Lion King,2024,https://letterboxd.com/film/mufasa-the-lion-king/,2.0,0
Kraven the Hunter,2024,https://letterboxd.com/film/kraven-the-hunter/,1.5,0
Carry-On,2024,https://letterboxd.com/film/carry-on-2024/,3.5,0
Our Little Secret,2024,https://letterboxd.com/film/our-little-secret/,2.0,0
Dear Santa,2024,https://letterboxd.com/film/dear-santa-2024/,0.5,0
Moana 2,2024,https://letterboxd.com/film/moana-2/,3.0,0
Werewolves,2024,https://letterboxd.com/film/werewolves-2024/,3.0,1
Nosferatu,2024,https://letterboxd.com/film/nosferatu-2024/,3.0,0
Paddington in Peru,2024,https://letterboxd.com/film/paddington-in-peru/,2.5,0
Sweethearts,2024,https://letterboxd.com/film/sweethearts-2024/,2.5,0
Red One,2024,https://letterboxd.com/film/red-one/,1.0,0
Wallace & Gromit: Vengeance Most Fowl,2024,https://letterboxd.com/film/wallace-gromit-vengeance-most-fowl/,3.5,0
Juror #2,2024,https://letterboxd.com/film/juror-2/,3.5,1
Here,2024,https://letterboxd.com/film/here-2024/,3.5,0
Venom: The Last Dance,2024,https://letterboxd.com/film/venom-the-last-dance/,2.5,0
Gladiator II,2024,https://letterboxd.com/film/gladiator-ii/,3.5,0
Wicked,2024,https://letterboxd.com/film/wicked-2024/,3.0,0
Joy,2024,https://letterboxd.com/film/joy-2024/,3.5,1
Smile 2,2024,https://letterboxd.com/film/smile-2-2024/,3.0,0
Lonely Planet,2024,https://letterboxd.com/film/lonely-planet-2024/,1.5,0
Blitz,2024,https://letterboxd.com/film/blitz-2024/,2.5,0
Caddo Lake,2024,https://letterboxd.com/film/caddo-lake/,3.0,0
Mr. Crocket,2024,https://letterboxd.com/film/mr-crocket-2024/,2.0,0
Salem's Lot,2024,https://letterboxd.com/film/salems-lot-2024/,2.5,0
Daddy's Head,2024,https://letterboxd.com/film/daddys-head/,2.5,0
Strange Harvest,2024,https://letterboxd.com/film/strange-harvest-2024/,3.0,0
Little Bites,2024,https://letterboxd.com/film/little-bites/,1.0,0
Apartment 7A,2024,https://letterboxd.com/film/apartment-7a/,2.0,0
V/H/S/Beyond,2024,https://letterboxd.com/film/v-h-s-beyond/,1.5,0
Terrifier 3,2024,https://letterboxd.com/film/terrifier-3/,3.0,0
The Rule of Jenny Pen,2024,https://letterboxd.com/film/the-rule-of-jenny-pen/,2.5,0
Never Let Go,2024,https://letterboxd.com/film/never-let-go-2024/,2.5,0
Uglies,2024,https://letterboxd.com/film/uglies/,1.5,0
The Shadow Strays,2024,https://letterboxd.com/film/the-shadow-strays/,4.0,0
Friendship,2024,https://letterboxd.com/film/friendship-2024/,3.5,0
Heretic,2024,https://letterboxd.com/film/heretic-2024/,3.5,0
The Wild Robot,2024,https://letterboxd.com/film/the-wild-robot/,3.5,0
Bring Them Down,2024,https://letterboxd.com/film/bring-them-down/,4.0,1
The Fire Inside,2024,https://letterboxd.com/film/the-fire-inside/,3.5,0
The Return,2024,https://letterboxd.com/film/the-return-2024/,3.0,0
Nightbitch,2024,https://letterboxd.com/film/nightbitch/,2.5,0
Jane Austen Wrecked My Life,2024,https://letterboxd.com/film/jane-austen-wrecked-my-life/,3.0,0
The Life of Chuck,2024,https://letterboxd.com/film/the-life-of-chuck/,3.0,0
Hard Truths,2024,https://letterboxd.com/film/hard-truths-2024/,4.0,1
The Last Showgirl,2024,https://letterboxd.com/film/the-last-showgirl/,2.0,0
We Live in Time,2024,https://letterboxd.com/film/we-live-in-time/,3.5,0
Joker: Folie à Deux,2024,https://letterboxd.com/film/joker-folie-a-deux/,1.5,0
Speak No Evil,2024,https://letterboxd.com/film/speak-no-evil-2024/,3.5,0
Queer,2024,https://letterboxd.com/film/queer-2024/,4.0,1
Happyend,2024,https://letterboxd.com/film/happyend/,4.0,1
I'm Still Here,2024,https://letterboxd.com/film/im-still-here-2024/,3.5,0
The Brutalist,2024,https://letterboxd.com/film/the-brutalist/,4.5,0
The Order,2024,https://letterboxd.com/film/the-order-2024/,3.5,0
The End,2024,https://letterboxd.com/film/the-end-2024/,2.5,0
Saturday Night,2024,https://letterboxd.com/film/saturday-night-2024/,3.5,0
Nickel Boys,2024,https://letterboxd.com/film/nickel-boys/,3.5,0
Babygirl,2024,https://letterboxd.com/film/babygirl-2024/,3.0,0
Better Man,2024,https://letterboxd.com/film/better-man-2024/,4.0,1
Conclave,2024,https://letterboxd.com/film/conclave/,4.0,0
Maria,2024,https://letterboxd.com/film/maria-2024/,3.0,0
Beetlejuice Beetlejuice,2024,https://letterboxd.com/film/beetlejuice-beetlejuice/,3.0,0
Afraid,2024,https://letterboxd.com/film/afraid-2024-1/,2.5,0
Rebel Ridge,2024,https://letterboxd.com/film/rebel-ridge/,3.0,0
The Killer,2024,https://letterboxd.com/film/the-killer-2024/,3.5,0
The Crow,2024,https://letterboxd.com/film/the-crow-2024/,1.0,0
The Front Room,2024,https://letterboxd.com/film/the-front-room/,2.5,0
The Deliverance,2024,https://letterboxd.com/film/the-deliverance-2024/,0.5,0
The Union,2024,https://letterboxd.com/film/the-union-2024/,1.5,0
Alien: Romulus,2024,https://letterboxd.com/film/alien-romulus/,3.0,0
Blink Twice,2024,https://letterboxd.com/film/blink-twice/,3.0,0
Borderlands,2024,https://letterboxd.com/film/borderlands-2024/,1.5,0
It Ends with Us,2024,https://letterboxd.com/film/it-ends-with-us/,2.5,0
Deadpool & Wolverine,2024,https://letterboxd.com/film/deadpool-wolverine/,1.5,0
Shelby Oaks,2024,https://letterboxd.com/film/shelby-oaks/,1.5,0
Trap,2024,https://letterboxd.com/film/trap-2024/,4.5,1
Escape from the 21st Century,2024,https://letterboxd.com/film/escape-from-the-21st-century/,3.5,0
Twisters,2024,https://letterboxd.com/film/twisters/,3.0,0
Longlegs,2024,https://letterboxd.com/film/longlegs/,3.0,0
Fly Me to the Moon,2024,https://letterboxd.com/film/fly-me-to-the-moon-2024/,3.0,0
A Family Affair,2024,https://letterboxd.com/film/a-family-affair-2024-1/,2.0,0
A Quiet Place: Day One,2024,https://letterboxd.com/film/a-quiet-place-day-one/,3.5,0
MaXXXine,2024,https://letterboxd.com/film/maxxxine/,2.0,0
Despicable Me 4,2024,https://letterboxd.com/film/despicable-me-4/,2.5,0
The Day the Earth Blew Up: A Looney Tunes Movie,2024,https://letterboxd.com/film/the-day-the-earth-blew-up-a-looney-tunes-movie/,3.0,0
Memoir of a Snail,2024,https://letterboxd.com/film/memoir-of-a-snail/,4.0,0
Look Back,2024,https://letterboxd.com/film/look-back-2024/,4.0,1
Inside Out 2,2024,https://letterboxd.com/film/inside-out-2-2024/,3.0,0
Under Paris,2024,https://letterboxd.com/film/under-paris/,1.5,0
The Exorcism,2024,https://letterboxd.com/film/the-exorcism-2024/,1.5,0
The Watchers,2024,https://letterboxd.com/film/the-watchers-2024/,2.5,0
All We Imagine as Light,2024,https://letterboxd.com/film/all-we-imagine-as-light/,4.0,1
The Count of Monte Cristo,2024,https://letterboxd.com/film/the-count-of-monte-cristo-2024/,3.5,0
Bad Boys: Ride or Die,2024,https://letterboxd.com/film/bad-boys-ride-or-die/,4.0,1
Anora,2024,https://letterboxd.com/film/anora/,5.0,1
The Shrouds,2024,https://letterboxd.com/film/the-shrouds/,4.0,0
The Apprentice,2024,https://letterboxd.com/film/the-apprentice-2024/,3.5,0
The Substance,2024,https://letterboxd.com/film/the-substance/,3.0,0
Emilia Pérez,2024,https://letterboxd.com/film/emilia-perez/,1.5,0
Kinds of Kindness,2024,https://letterboxd.com/film/kinds-of-kindness/,3.5,0
Young Woman and the Sea,2024,https://letterboxd.com/film/young-woman-and-the-sea/,3.5,0
The Strangers: Chapter 1,2024,https://letterboxd.com/film/the-strangers-chapter-1/,1.5,0
IF,2024,https://letterboxd.com/film/if-2024/,1.5,0
Furiosa: A Mad Max Saga,2024,https://letterboxd.com/film/furiosa-a-mad-max-saga/,4.5,1
Kingdom of the Planet of the Apes,2024,https://letterboxd.com/film/kingdom-of-the-planet-of-the-apes/,2.5,0
The Garfield Movie,2024,https://letterboxd.com/film/the-garfield-movie/,2.0,0
The Ministry of Ungentlemanly Warfare,2024,https://letterboxd.com/film/the-ministry-of-ungentlemanly-warfare/,2.5,0
Abigail,2024,https://letterboxd.com/film/abigail-2024/,2.5,0
Rebel Moon – Part Two: The Scargiver,2024,https://letterboxd.com/film/rebel-moon-part-two-the-scargiver/,1.5,0
Sting,2024,https://letterboxd.com/film/sting-2024/,2.5,0
The First Omen,2024,https://letterboxd.com/film/the-first-omen/,4.0,0
Challengers,2024,https://letterboxd.com/film/challengers/,4.5,0
Godzilla × Kong: The New Empire,2024,https://letterboxd.com/film/godzilla-kong-the-new-empire/,2.0,0
The Idea of You,2024,https://letterboxd.com/film/the-idea-of-you-2024/,3.0,0
The Greatest Hits,2024,https://letterboxd.com/film/the-greatest-hits/,3.0,0
Civil War,2024,https://letterboxd.com/film/civil-war-2024/,3.5,0
Música,2024,https://letterboxd.com/film/musica/,2.5,0
The Fall Guy,2024,https://letterboxd.com/film/the-fall-guy-2024/,3.5,0
Immaculate,2024,https://letterboxd.com/film/immaculate-2024/,2.5,0
Monkey Man,2024,https://letterboxd.com/film/monkey-man/,4.5,1
Y2K,2024,https://letterboxd.com/film/y2k-2024/,2.0,0
Azrael,2024,https://letterboxd.com/film/azrael-2024/,4.0,1
Oddity,2024,https://letterboxd.com/film/oddity-2024/,3.0,0
Road House,2024,https://letterboxd.com/film/road-house-2024/,3.0,0
Drive-Away Dolls,2024,https://letterboxd.com/film/drive-away-dolls/,3.0,0
Ricky Stanicky,2024,https://letterboxd.com/film/ricky-stanicky/,1.5,0
Cuckoo,2024,https://letterboxd.com/film/cuckoo-2024/,3.0,0
Small Things Like These,2024,https://letterboxd.com/film/small-things-like-these/,3.0,0
This Is Me…Now,2024,https://letterboxd.com/film/this-is-menow/,2.5,0
Madame Web,2024,https://letterboxd.com/film/madame-web/,1.5,0
Dune: Part Two,2024,https://letterboxd.com/film/dune-part-two/,5.0,1
Lisa Frankenstein,2024,https://letterboxd.com/film/lisa-frankenstein/,3.5,1
Orion and the Dark,2024,https://letterboxd.com/film/orion-and-the-dark/,3.0,0
Argylle,2024,https://letterboxd.com/film/argylle/,1.5,0
Fighter,2024,https://letterboxd.com/film/fighter-2024/,2.5,0
In the Summers,2024,https://letterboxd.com/film/in-the-summers/,3.5,0
A Different Man,2024,https://letterboxd.com/film/a-different-man/,3.0,0
Suncoast,2024,https://letterboxd.com/film/suncoast/,2.5,0
The Moogai,2024,https://letterboxd.com/film/the-moogai-2024/,2.0,0
My Old Ass,2024,https://letterboxd.com/film/my-old-ass/,3.5,0
Girls Will Be Girls,2024,https://letterboxd.com/film/girls-will-be-girls-2024/,2.5,0
Love Lies Bleeding,2024,https://letterboxd.com/film/love-lies-bleeding-2024/,4.0,0
Exhibiting Forgiveness,2024,https://letterboxd.com/film/exhibiting-forgiveness/,4.0,1
Krazy House,2024,https://letterboxd.com/film/krazy-house/,1.0,0
Handling the Undead,2024,https://letterboxd.com/film/handling-the-undead/,1.5,0
The Outrun,2024,https://letterboxd.com/film/the-outrun/,3.5,1
Presence,2024,https://letterboxd.com/film/presence-2024/,4.0,0
It's What's Inside,2024,https://letterboxd.com/film/its-whats-inside/,2.0,0
Between the Temples,2024,https://letterboxd.com/film/between-the-temples/,3.0,0
Dìdi (弟弟),2024,https://letterboxd.com/film/didi-2024/,3.5,0
Brief History of a Family,2024,https://letterboxd.com/film/brief-history-of-a-family/,3.0,0
Love Me,2024,https://letterboxd.com/film/love-me-2024/,3.0,1
Sasquatch Sunset,2024,https://letterboxd.com/film/sasquatch-sunset/,2.5,0
Ghostlight,2024,https://letterboxd.com/film/ghostlight-2024/,4.0,0
Thelma,2024,https://letterboxd.com/film/thelma-2024/,3.5,0
Stress Positions,2024,https://letterboxd.com/film/stress-positions/,3.5,0
I Saw the TV Glow,2024,https://letterboxd.com/film/i-saw-the-tv-glow/,5.0,1
The Remarkable Life of Ibelin,2024,https://letterboxd.com/film/the-remarkable-life-of-ibelin/,3.5,0
Kneecap,2024,https://letterboxd.com/film/kneecap/,3.5,0
Girls State,2024,https://letterboxd.com/film/girls-state/,3.5,1
Your Monster,2024,https://letterboxd.com/film/your-monster-2024/,4.0,1
Lift,2024,https://letterboxd.com/film/lift-2024/,1.0,0
The Beekeeper,2024,https://letterboxd.com/film/the-beekeeper-2024/,3.5,0
Mean Girls,2024,https://letterboxd.com/film/mean-girls-2024/,2.5,0
Night Swim,2024,https://letterboxd.com/film/night-swim-2024/,1.5,0
Dunki,2023,https://letterboxd.com/film/dunki/,3.0,0
Aquaman and the Lost Kingdom,2023,https://letterboxd.com/film/aquaman-and-the-lost-kingdom/,3.5,0
Anyone But You,2023,https://letterboxd.com/film/anyone-but-you/,2.0,0
Rebel Moon – Part One: A Child of Fire,2023,https://letterboxd.com/film/rebel-moon-part-one-a-child-of-fire/,2.5,0
Animal,2023,https://letterboxd.com/film/animal-2023/,2.5,0
Silent Night,2023,https://letterboxd.com/film/silent-night-2023-1/,2.0,0
Wonka,2023,https://letterboxd.com/film/wonka/,2.5,0
The Color Purple,2023,https://letterboxd.com/film/the-color-purple-2023/,3.5,0
Matt Rife: Natural Selection,2023,https://letterboxd.com/film/matt-rife-natural-selection/,0.5,0
Napoleon,2023,https://letterboxd.com/film/napoleon-2023/,3.5,0
The Iron Claw,2023,https://letterboxd.com/film/the-iron-claw-2023/,4.0,1
Wish,2023,https://letterboxd.com/film/wish-2023/,2.0,0
The Marvels,2023,https://letterboxd.com/film/the-marvels/,2.5,0
The Hunger Games: The Ballad of Songbirds & Snakes,2023,https://letterboxd.com/film/the-hunger-games-the-ballad-of-songbirds-snakes/,2.5,0
Thanksgiving,2023,https://letterboxd.com/film/thanksgiving-2023/,4.0,0
Five Nights at Freddy's,2023,https://letterboxd.com/film/five-nights-at-freddys/,2.0,0
The Book of Clarence,2023,https://letterboxd.com/film/the-book-of-clarence-2023/,3.0,0
The Exorcist: Believer,2023,https://letterboxd.com/film/the-exorcist-believer/,2.0,0
Totally Killer,2023,https://letterboxd.com/film/totally-killer/,3.0,0
The Rat Catcher,2023,https://letterboxd.com/film/the-rat-catcher-2023/,3.5,0
Saw X,2023,https://letterboxd.com/film/saw-x/,3.5,0
Pet Sematary: Bloodlines,2023,https://letterboxd.com/film/pet-sematary-bloodlines/,1.0,0
V/H/S/85,2023,https://letterboxd.com/film/v-h-s-85/,2.0,0
The Toxic Avenger,2023,https://letterboxd.com/film/the-toxic-avenger-2023/,2.0,0
No One Will Save You,2023,https://letterboxd.com/film/no-one-will-save-you/,3.0,0
The Creator,2023,https://letterboxd.com/film/the-creator-2023/,3.0,0
When Evil Lurks,2023,https://letterboxd.com/film/when-evil-lurks/,4.0,1
A Haunting in Venice,2023,https://letterboxd.com/film/a-haunting-in-venice/,3.5,0
Hell of a Summer,2023,https://letterboxd.com/film/hell-of-a-summer/,2.5,0
Sing Sing,2023,https://letterboxd.com/film/sing-sing-2023/,4.0,1
Boy Kills World,2023,https://letterboxd.com/film/boy-kills-world/,1.5,0
Dream Scenario,2023,https://letterboxd.com/film/dream-scenario/,2.5,0
Society of the Snow,2023,https://letterboxd.com/film/society-of-the-snow/,4.5,1
American Fiction,2023,https://letterboxd.com/film/american-fiction/,3.5,0
Dumb Money,2023,https://letterboxd.com/film/dumb-money/,3.0,0
Kill,2023,https://letterboxd.com/film/kill-2023-1/,3.5,0
Jawan,2023,https://letterboxd.com/film/jawan/,3.5,0
Hit Man,2023,https://letterboxd.com/film/hit-man-2023/,4.0,0
Evil Does Not Exist,2023,https://letterboxd.com/film/evil-does-not-exist/,4.5,1
Priscilla,2023,https://letterboxd.com/film/priscilla/,3.5,1
The Caine Mutiny Court-Martial,2023,https://letterboxd.com/film/the-caine-mutiny-court-martial-2023/,4.0,0
The Beast,2023,https://letterboxd.com/film/the-beast-2023-1/,4.0,1
The Killer,2023,https://letterboxd.com/film/the-killer-2023/,4.0,1
Maestro,2023,https://letterboxd.com/film/maestro-2023/,2.5,0
The Wonderful Story of Henry Sugar,2023,https://letterboxd.com/film/the-wonderful-story-of-henry-sugar/,4.5,0
The Holdovers,2023,https://letterboxd.com/film/the-holdovers/,4.5,1
The Bikeriders,2023,https://letterboxd.com/film/the-bikeriders/,4.0,1
Ferrari,2023,https://letterboxd.com/film/ferrari-2023/,3.0,0
Saltburn,2023,https://letterboxd.com/film/saltburn/,4.0,0
The Equalizer 3,2023,https://letterboxd.com/film/the-equalizer-3/,2.5,0
You Are So Not Invited to My Bat Mitzvah,2023,https://letterboxd.com/film/you-are-so-not-invited-to-my-bat-mitzvah/,3.0,0
Strays,2023,https://letterboxd.com/film/strays-2023/,1.0,0
The Last Voyage of the Demeter,2023,https://letterboxd.com/film/the-last-voyage-of-the-demeter/,2.0,0
Teenage Mutant Ninja Turtles: Mutant Mayhem,2023,https://letterboxd.com/film/teenage-mutant-ninja-turtles-mutant-mayhem/,3.5,1
Sympathy for the Devil,2023,https://letterboxd.com/film/sympathy-for-the-devil-2023/,2.5,0
Cobweb,2023,https://letterboxd.com/film/cobweb-2023/,2.0,0
Blue Beetle,2023,https://letterboxd.com/film/blue-beetle/,3.0,0
Gran Turismo,2023,https://letterboxd.com/film/gran-turismo/,3.5,1
Haunted Mansion,2023,https://letterboxd.com/film/haunted-mansion-2023/,1.5,0
The Boy and the Heron,2023,https://letterboxd.com/film/the-boy-and-the-heron/,3.5,0
Oppenheimer,2023,https://letterboxd.com/film/oppenheimer-2023/,5.0,1
Barbie,2023,https://letterboxd.com/film/barbie/,3.5,1
Insidious: The Red Door,2023,https://letterboxd.com/film/insidious-the-red-door/,2.5,0
Mission: Impossible – Dead Reckoning,2023,https://letterboxd.com/film/mission-impossible-dead-reckoning/,4.0,1
No Hard Feelings,2023,https://letterboxd.com/film/no-hard-feelings-2023/,3.0,0
The Flash,2023,https://letterboxd.com/film/the-flash/,3.0,0
Meg 2: The Trench,2023,https://letterboxd.com/film/meg-2-the-trench/,2.0,0
Extraction 2,2023,https://letterboxd.com/film/extraction-2/,3.5,0
Spider-Man: Across the Spider-Verse,2023,https://letterboxd.com/film/spider-man-across-the-spider-verse/,4.5,1
Elemental,2023,https://letterboxd.com/film/elemental-2023/,3.0,0
Transformers: Rise of the Beasts,2023,https://letterboxd.com/film/transformers-rise-of-the-beasts/,3.0,0
La Chimera,2023,https://letterboxd.com/film/la-chimera/,4.0,1
About My Father,2023,https://letterboxd.com/film/about-my-father/,3.0,0
Kennedy,2023,https://letterboxd.com/film/kennedy-2023/,3.0,0
Asteroid City,2023,https://letterboxd.com/film/asteroid-city/,4.5,1
The Boogeyman,2023,https://letterboxd.com/film/the-boogeyman/,2.5,0
Sleep,2023,https://letterboxd.com/film/sleep-2023/,4.0,1
Killers of the Flower Moon,2023,https://letterboxd.com/film/killers-of-the-flower-moon/,4.0,1
Indiana Jones and the Dial of Destiny,2023,https://letterboxd.com/film/indiana-jones-and-the-dial-of-destiny/,3.0,0
Strange Way of Life,2023,https://letterboxd.com/film/strange-way-of-life/,2.0,0
White Men Can't Jump,2023,https://letterboxd.com/film/white-men-cant-jump-2023/,1.5,0
The Little Mermaid,2023,https://letterboxd.com/film/the-little-mermaid-2023/,3.5,1
Guardians of the Galaxy Vol. 3,2023,https://letterboxd.com/film/guardians-of-the-galaxy-vol-3/,3.5,0
Peter Pan & Wendy,2023,https://letterboxd.com/film/peter-pan-wendy/,3.0,0
Guy Ritchie's The Covenant,2023,https://letterboxd.com/film/guy-ritchies-the-covenant/,3.0,0
Ghosted,2023,https://letterboxd.com/film/ghosted-2023/,1.0,0
Beau Is Afraid,2023,https://letterboxd.com/film/beau-is-afraid/,2.5,0
The Pope's Exorcist,2023,https://letterboxd.com/film/the-popes-exorcist/,2.0,0
The Super Mario Bros. Movie,2023,https://letterboxd.com/film/the-super-mario-bros-movie/,3.0,0
Renfield,2023,https://letterboxd.com/film/renfield/,3.0,0
"Are You There God? It's Me, Margaret.",2023,https://letterboxd.com/film/are-you-there-god-its-me-margaret/,3.5,1
Air,2023,https://letterboxd.com/film/air-2023/,3.5,0
Joy Ride,2023,https://letterboxd.com/film/joy-ride-2023/,3.0,0
Evil Dead Rise,2023,https://letterboxd.com/film/evil-dead-rise/,3.0,1
Boston Strangler,2023,https://letterboxd.com/film/boston-strangler/,2.0,0
Tetris,2023,https://letterboxd.com/film/tetris/,2.5,0
Shazam! Fury of the Gods,2023,https://letterboxd.com/film/shazam-fury-of-the-gods/,2.5,0
Problemista,2023,https://letterboxd.com/film/problemista/,4.0,0
Hypnotic,2023,https://letterboxd.com/film/hypnotic-2023/,2.0,0
Bottoms,2023,https://letterboxd.com/film/bottoms/,2.5,0
Flamin' Hot,2023,https://letterboxd.com/film/flamin-hot/,2.5,0
Dungeons & Dragons: Honor Among Thieves,2023,https://letterboxd.com/film/dungeons-dragons-honor-among-thieves/,4.0,1
A Good Person,2023,https://letterboxd.com/film/a-good-person-2023/,3.0,0
John Wick: Chapter 4,2023,https://letterboxd.com/film/john-wick-chapter-4/,5.0,1
Scream VI,2023,https://letterboxd.com/film/scream-vi/,3.5,0
65,2023,https://letterboxd.com/film/65/,1.5,0
We Have a Ghost,2023,https://letterboxd.com/film/we-have-a-ghost/,2.0,0
Cocaine Bear,2023,https://letterboxd.com/film/cocaine-bear/,2.0,0
Inside,2023,https://letterboxd.com/film/inside-2023/,3.5,0
Reality,2023,https://letterboxd.com/film/reality-2023/,3.5,0
BlackBerry,2023,https://letterboxd.com/film/blackberry-2023/,4.0,1
Your Place or Mine,2023,https://letterboxd.com/film/your-place-or-mine-2023/,2.0,0
Creed III,2023,https://letterboxd.com/film/creed-iii/,4.0,1
Magic Mike's Last Dance,2023,https://letterboxd.com/film/magic-mikes-last-dance/,2.5,0
Sharper,2023,https://letterboxd.com/film/sharper/,2.5,0
80 for Brady,2023,https://letterboxd.com/film/80-for-brady/,2.0,0
Ant-Man and the Wasp: Quantumania,2023,https://letterboxd.com/film/ant-man-and-the-wasp-quantumania/,1.5,0
Somebody I Used to Know,2023,https://letterboxd.com/film/somebody-i-used-to-know/,2.5,0
Knock at the Cabin,2023,https://letterboxd.com/film/knock-at-the-cabin/,4.0,1
Pathaan,2023,https://letterboxd.com/film/pathaan/,4.0,1
Winnie the Pooh: Blood and Honey,2023,https://letterboxd.com/film/winnie-the-pooh-blood-and-honey/,0.5,0
Rye Lane,2023,https://letterboxd.com/film/rye-lane/,4.0,0
Past Lives,2023,https://letterboxd.com/film/past-lives/,4.0,1
Infinity Pool,2023,https://letterboxd.com/film/infinity-pool/,3.0,1
Polite Society,2023,https://letterboxd.com/film/polite-society/,4.0,1
Missing,2023,https://letterboxd.com/film/missing-2023/,3.5,0
You People,2023,https://letterboxd.com/film/you-people-2023/,1.0,0
Dog Gone,2023,https://letterboxd.com/film/dog-gone-2023/,1.5,0
JUNG_E,2023,https://letterboxd.com/film/jung_e/,2.5,0
Plane,2023,https://letterboxd.com/film/plane-2023/,3.0,1
Operation Fortune: Ruse de Guerre,2023,https://letterboxd.com/film/operation-fortune-ruse-de-guerre/,3.5,1
Babylon,2022,https://letterboxd.com/film/babylon-2022/,3.0,0
M3GAN,2022,https://letterboxd.com/film/m3gan/,3.0,0
Avatar: The Way of Water,2022,https://letterboxd.com/film/avatar-the-way-of-water/,4.5,1
Violent Night,2022,https://letterboxd.com/film/violent-night/,3.0,0
Puss in Boots: The Last Wish,2022,https://letterboxd.com/film/puss-in-boots-the-last-wish/,4.0,1
Disenchanted,2022,https://letterboxd.com/film/disenchanted/,2.0,0
Stutz,2022,https://letterboxd.com/film/stutz/,0.5,0
Suzume,2022,https://letterboxd.com/film/suzume/,4.0,1
Falling for Christmas,2022,https://letterboxd.com/film/falling-for-christmas/,1.5,0
Talk to Me,2022,https://letterboxd.com/film/talk-to-me-2022/,4.0,1
Dreams in the Witch House,2022,https://letterboxd.com/film/dreams-in-the-witch-house-2022/,2.0,0
Pickman's Model,2022,https://letterboxd.com/film/pickmans-model-2022/,2.5,0
Black Panther: Wakanda Forever,2022,https://letterboxd.com/film/black-panther-wakanda-forever/,3.5,0
Lot 36,2022,https://letterboxd.com/film/lot-36/,2.0,0
Prey for the Devil,2022,https://letterboxd.com/film/prey-for-the-devil/,2.0,0
Guillermo del Toro's Pinocchio,2022,https://letterboxd.com/film/guillermo-del-toros-pinocchio/,4.0,1
She Said,2022,https://letterboxd.com/film/she-said-2022/,2.5,0
Black Adam,2022,https://letterboxd.com/film/black-adam/,2.0,0
Hundreds of Beavers,2022,https://letterboxd.com/film/hundreds-of-beavers/,4.0,1
My Best Friend's Exorcism,2022,https://letterboxd.com/film/my-best-friends-exorcism/,2.0,0
Entergalactic,2022,https://letterboxd.com/film/entergalactic/,3.5,0
Hellraiser,2022,https://letterboxd.com/film/hellraiser-2022/,3.0,0
Hocus Pocus 2,2022,https://letterboxd.com/film/hocus-pocus-2/,1.5,0
Satanic Hispanics,2022,https://letterboxd.com/film/satanic-hispanics/,2.0,0
Smile,2022,https://letterboxd.com/film/smile-2022/,3.5,0
Goodnight Mommy,2022,https://letterboxd.com/film/goodnight-mommy-2022/,2.0,0
Do Revenge,2022,https://letterboxd.com/film/do-revenge/,3.0,0
The Greatest Beer Run Ever,2022,https://letterboxd.com/film/the-greatest-beer-run-ever/,2.0,0
Raymond & Ray,2022,https://letterboxd.com/film/raymond-ray/,2.5,0
All Quiet on the Western Front,2022,https://letterboxd.com/film/all-quiet-on-the-western-front-2022/,3.0,0
Sick,2022,https://letterboxd.com/film/sick-2022/,3.0,0
Wendell & Wild,2022,https://letterboxd.com/film/wendell-wild/,3.0,0
The Good Nurse,2022,https://letterboxd.com/film/the-good-nurse/,3.0,0
The Menu,2022,https://letterboxd.com/film/the-menu-2022/,3.5,1
How to Blow Up a Pipeline,2022,https://letterboxd.com/film/how-to-blow-up-a-pipeline/,4.0,1
Glass Onion,2022,https://letterboxd.com/film/glass-onion/,3.5,0
I Like Movies,2022,https://letterboxd.com/film/i-like-movies/,4.0,0
Sisu,2022,https://letterboxd.com/film/sisu-2022/,3.0,0
See How They Run,2022,https://letterboxd.com/film/see-how-they-run-2022/,3.5,0
Weird: The Al Yankovic Story,2022,https://letterboxd.com/film/weird-the-al-yankovic-story-2022/,4.0,1
Bros,2022,https://letterboxd.com/film/bros/,3.0,0
Blonde,2022,https://letterboxd.com/film/blonde-2022/,1.5,0
Pinocchio,2022,https://letterboxd.com/film/pinocchio-2022/,1.0,0
The Eternal Daughter,2022,https://letterboxd.com/film/the-eternal-daughter/,3.0,0
The Banshees of Inisherin,2022,https://letterboxd.com/film/the-banshees-of-inisherin/,4.5,1
Don't Worry Darling,2022,https://letterboxd.com/film/dont-worry-darling/,2.5,0
The Whale,2022,https://letterboxd.com/film/the-whale-2022/,2.0,0
Pearl,2022,https://letterboxd.com/film/pearl-2022/,3.5,0
Master Gardener,2022,https://letterboxd.com/film/master-gardener/,3.5,1
Empire of Light,2022,https://letterboxd.com/film/empire-of-light/,2.5,0
Women Talking,2022,https://letterboxd.com/film/women-talking/,3.5,0
Bones and All,2022,https://letterboxd.com/film/bones-and-all/,4.5,1
White Noise,2022,https://letterboxd.com/film/white-noise-2022/,3.5,0
Terrifier 2,2022,https://letterboxd.com/film/terrifier-2/,4.0,0
Barbarian,2022,https://letterboxd.com/film/barbarian-2022/,3.0,0
Me Time,2022,https://letterboxd.com/film/me-time-2022/,1.0,0
Samaritan,2022,https://letterboxd.com/film/samaritan-2022/,1.5,0
Secret Headquarters,2022,https://letterboxd.com/film/secret-headquarters/,2.0,0
Beast,2022,https://letterboxd.com/film/beast-2022-1/,2.5,0
Fall,2022,https://letterboxd.com/film/fall-2022/,2.5,0
Day Shift,2022,https://letterboxd.com/film/day-shift-2022/,3.0,0
Prey,2022,https://letterboxd.com/film/prey-2022/,3.5,1
Luck,2022,https://letterboxd.com/film/luck-2022/,1.5,0
Not Okay,2022,https://letterboxd.com/film/not-okay/,3.0,0
Orphan: First Kill,2022,https://letterboxd.com/film/orphan-first-kill/,3.0,0
DC League of Super-Pets,2022,https://letterboxd.com/film/dc-league-of-super-pets/,3.5,0
They/Them,2022,https://letterboxd.com/film/they-them-2022-1/,1.5,0
Honor Society,2022,https://letterboxd.com/film/honor-society/,3.0,0
Bullet Train,2022,https://letterboxd.com/film/bullet-train/,3.5,0
The Gray Man,2022,https://letterboxd.com/film/the-gray-man-2022/,1.5,0
Where the Crawdads Sing,2022,https://letterboxd.com/film/where-the-crawdads-sing/,2.5,0
Persuasion,2022,https://letterboxd.com/film/persuasion-2022/,2.5,0
Minions: The Rise of Gru,2022,https://letterboxd.com/film/minions-the-rise-of-gru/,2.5,0
Thor: Love and Thunder,2022,https://letterboxd.com/film/thor-love-and-thunder/,2.0,0
The Princess,2022,https://letterboxd.com/film/the-princess-2022-1/,2.0,0
Spiderhead,2022,https://letterboxd.com/film/spiderhead/,2.5,0
Don't Make Me Go,2022,https://letterboxd.com/film/dont-make-me-go/,2.5,0
Vengeance,2022,https://letterboxd.com/film/vengeance-2022/,3.5,0
Huesera: The Bone Woman,2022,https://letterboxd.com/film/huesera-the-bone-woman/,3.5,0
Lightyear,2022,https://letterboxd.com/film/lightyear-2022/,2.0,0
Hustle,2022,https://letterboxd.com/film/hustle-2022/,3.5,1
Elvis,2022,https://letterboxd.com/film/elvis-2022/,4.0,1
Jurassic World Dominion,2022,https://letterboxd.com/film/jurassic-world-dominion/,1.5,0
Crimes of the Future,2022,https://letterboxd.com/film/crimes-of-the-future-2022/,3.5,0
Aftersun,2022,https://letterboxd.com/film/aftersun/,5.0,1
Triangle of Sadness,2022,https://letterboxd.com/film/triangle-of-sadness/,4.0,0
Good Mourning,2022,https://letterboxd.com/film/good-mourning-2022/,0.5,0
Three Thousand Years of Longing,2022,https://letterboxd.com/film/three-thousand-years-of-longing/,3.0,0
Chip 'n Dale: Rescue Rangers,2022,https://letterboxd.com/film/chip-n-dale-rescue-rangers/,2.5,0
Men,2022,https://letterboxd.com/film/men-2022/,2.0,0
Firestarter,2022,https://letterboxd.com/film/firestarter-1/,1.5,0
Top Gun: Maverick,2022,https://letterboxd.com/film/top-gun-maverick/,4.5,1
Doctor Strange in the Multiverse of Madness,2022,https://letterboxd.com/film/doctor-strange-in-the-multiverse-of-madness/,4.0,1
Marmaduke,2022,https://letterboxd.com/film/marmaduke-2022/,0.5,0
Sonic the Hedgehog 2,2022,https://letterboxd.com/film/sonic-the-hedgehog-2/,2.0,0
The Northman,2022,https://letterboxd.com/film/the-northman/,3.0,0
The Bubble,2022,https://letterboxd.com/film/the-bubble-2022/,1.0,0
RRR,2022,https://letterboxd.com/film/rrr/,5.0,1
Moonshot,2022,https://letterboxd.com/film/moonshot/,2.0,0
Morbius,2022,https://letterboxd.com/film/morbius/,2.0,0
Deep Water,2022,https://letterboxd.com/film/deep-water-2022/,2.0,0
Ambulance,2022,https://letterboxd.com/film/ambulance-2022/,5.0,1
X,2022,https://letterboxd.com/film/x-2022/,3.0,0
Apollo 10½: A Space Age Childhood,2022,https://letterboxd.com/film/apollo-10-a-space-age-childhood/,3.0,0
The Unbearable Weight of Massive Talent,2022,https://letterboxd.com/film/the-unbearable-weight-of-massive-talent/,3.5,0
The Lost City,2022,https://letterboxd.com/film/the-lost-city-2022/,3.0,0
Everything Everywhere All at Once,2022,https://letterboxd.com/film/everything-everywhere-all-at-once/,4.5,1
Father Stu,2022,https://letterboxd.com/film/father-stu/,1.5,0
Turning Red,2022,https://letterboxd.com/film/turning-red/,3.5,0
Dog,2022,https://letterboxd.com/film/dog-2022/,2.0,0
Studio 666,2022,https://letterboxd.com/film/studio-666-2022/,3.0,0
The Outfit,2022,https://letterboxd.com/film/the-outfit-2022/,3.5,1
The Outwaters,2022,https://letterboxd.com/film/the-outwaters/,3.0,0
I Want You Back,2022,https://letterboxd.com/film/i-want-you-back/,3.0,0
Death on the Nile,2022,https://letterboxd.com/film/death-on-the-nile-2022/,2.0,0
Marry Me,2022,https://letterboxd.com/film/marry-me-2022/,3.0,0
Moonfall,2022,https://letterboxd.com/film/moonfall/,2.5,0
Emily the Criminal,2022,https://letterboxd.com/film/emily-the-criminal/,3.0,0
Am I OK?,2022,https://letterboxd.com/film/am-i-ok/,3.0,0
Cha Cha Real Smooth,2022,https://letterboxd.com/film/cha-cha-real-smooth/,2.0,0
"Good Luck to You, Leo Grande",2022,https://letterboxd.com/film/good-luck-to-you-leo-grande/,3.0,0
You Won't Be Alone,2022,https://letterboxd.com/film/you-wont-be-alone/,2.0,0
Nanny,2022,https://letterboxd.com/film/nanny-2022/,3.5,0
Resurrection,2022,https://letterboxd.com/film/resurrection-2022/,3.5,0
Sharp Stick,2022,https://letterboxd.com/film/sharp-stick/,1.0,0
Watcher,2022,https://letterboxd.com/film/watcher/,3.0,0
Speak No Evil,2022,https://letterboxd.com/film/speak-no-evil-2022/,3.0,0
Breaking,2022,https://letterboxd.com/film/breaking-2022/,3.0,0
Fresh,2022,https://letterboxd.com/film/fresh-2022/,3.0,0
Scream,2022,https://letterboxd.com/film/scream-2022/,3.5,0
The 355,2022,https://letterboxd.com/film/the-355/,1.5,0
The Matrix Resurrections,2021,https://letterboxd.com/film/the-matrix-resurrections/,4.5,1
The King's Man,2021,https://letterboxd.com/film/the-kings-man/,3.0,0
Don't Look Up,2021,https://letterboxd.com/film/dont-look-up-2021/,3.0,0
Nightmare Alley,2021,https://letterboxd.com/film/nightmare-alley-2021/,3.5,0
Licorice Pizza,2021,https://letterboxd.com/film/licorice-pizza/,5.0,1
"tick, tick... BOOM!",2021,https://letterboxd.com/film/tick-tick-boom-2021/,3.0,0
Eternals,2021,https://letterboxd.com/film/eternals/,2.0,0
Encanto,2021,https://letterboxd.com/film/encanto/,3.5,0
No Time to Die,2021,https://letterboxd.com/film/no-time-to-die-2021/,3.5,0
The Black Phone,2021,https://letterboxd.com/film/the-black-phone/,3.5,1
The Tragedy of Macbeth,2021,https://letterboxd.com/film/the-tragedy-of-macbeth/,4.0,0
Wolf,2021,https://letterboxd.com/film/wolf-2/,2.5,0
Cry Macho,2021,https://letterboxd.com/film/cry-macho/,2.5,0
Venom: Let There Be Carnage,2021,https://letterboxd.com/film/venom-let-there-be-carnage/,3.0,0
The Eyes of Tammy Faye,2021,https://letterboxd.com/film/the-eyes-of-tammy-faye-2021/,4.0,1
The Guilty,2021,https://letterboxd.com/film/the-guilty-2021/,3.0,0
The Last Duel,2021,https://letterboxd.com/film/the-last-duel-2021/,4.5,1
Dear Evan Hansen,2021,https://letterboxd.com/film/dear-evan-hansen/,1.5,0
Copshop,2021,https://letterboxd.com/film/copshop/,3.5,0
Halloween Kills,2021,https://letterboxd.com/film/halloween-kills/,3.0,1
Last Night in Soho,2021,https://letterboxd.com/film/last-night-in-soho/,3.0,0
Dune,2021,https://letterboxd.com/film/dune-2021/,5.0,1
Marcel the Shell with Shoes On,2021,https://letterboxd.com/film/marcel-the-shell-with-shoes-on-2021/,3.0,0
Spencer,2021,https://letterboxd.com/film/spencer-2021/,3.0,0
Cinderella,2021,https://letterboxd.com/film/cinderella-2021/,1.0,0
King Richard,2021,https://letterboxd.com/film/king-richard/,3.5,0
The Card Counter,2021,https://letterboxd.com/film/the-card-counter/,2.5,0
C'mon C'mon,2021,https://letterboxd.com/film/cmon-cmon/,4.0,0
Belfast,2021,https://letterboxd.com/film/belfast/,4.0,1
The Power of the Dog,2021,https://letterboxd.com/film/the-power-of-the-dog/,3.0,0
Afterlife of the Party,2021,https://letterboxd.com/film/afterlife-of-the-party/,3.0,0
Malignant,2021,https://letterboxd.com/film/malignant-2021/,5.0,1
Vacation Friends,2021,https://letterboxd.com/film/vacation-friends/,2.0,0
He's All That,2021,https://letterboxd.com/film/hes-all-that/,0.5,0
Ghostbusters: Afterlife,2021,https://letterboxd.com/film/ghostbusters-afterlife/,3.5,0
Candyman,2021,https://letterboxd.com/film/candyman-2021/,2.5,0
Reminiscence,2021,https://letterboxd.com/film/reminiscence-2021/,2.5,0
Shang-Chi and the Legend of the Ten Rings,2021,https://letterboxd.com/film/shang-chi-and-the-legend-of-the-ten-rings/,3.5,0
The Kissing Booth 3,2021,https://letterboxd.com/film/the-kissing-booth-3/,0.5,0
Zeros and Ones,2021,https://letterboxd.com/film/zeros-and-ones/,1.0,0
Free Guy,2021,https://letterboxd.com/film/free-guy/,2.5,0
The Green Knight,2021,https://letterboxd.com/film/the-green-knight/,2.5,0
The Suicide Squad,2021,https://letterboxd.com/film/the-suicide-squad/,3.5,0
Snake Eyes: G.I. Joe Origins,2021,https://letterboxd.com/film/snake-eyes-gi-joe-origins/,2.0,0
Old,2021,https://letterboxd.com/film/old-2021/,4.0,1
Red Rocket,2021,https://letterboxd.com/film/red-rocket-2021/,3.0,0
Pig,2021,https://letterboxd.com/film/pig-2021/,4.0,0
Drive My Car,2021,https://letterboxd.com/film/drive-my-car/,4.5,1
The Summit of the Gods,2021,https://letterboxd.com/film/the-summit-of-the-gods/,4.0,0
Benedetta,2021,https://letterboxd.com/film/benedetta/,3.0,0
The Worst Person in the World,2021,https://letterboxd.com/film/the-worst-person-in-the-world/,4.5,1
After Yang,2021,https://letterboxd.com/film/after-yang/,3.0,0
Escape Room: Tournament of Champions,2021,https://letterboxd.com/film/escape-room-tournament-of-champions/,1.5,0
Black Widow,2021,https://letterboxd.com/film/black-widow-2021/,1.5,0
The Novice,2021,https://letterboxd.com/film/the-novice/,4.0,1
Luca,2021,https://letterboxd.com/film/luca-2021/,4.0,0
The Conjuring: The Devil Made Me Do It,2021,https://letterboxd.com/film/the-conjuring-the-devil-made-me-do-it/,2.0,0
F9,2021,https://letterboxd.com/film/f9/,1.5,0
Cruella,2021,https://letterboxd.com/film/cruella/,3.5,0
The Woman in the Window,2021,https://letterboxd.com/film/the-woman-in-the-window-2021/,2.0,0
Wrath of Man,2021,https://letterboxd.com/film/wrath-of-man/,3.5,0
Army of the Dead,2021,https://letterboxd.com/film/army-of-the-dead-2021/,2.0,0
Nobody,2021,https://letterboxd.com/film/nobody-2021/,4.0,1
Zack Snyder's Justice League,2021,https://letterboxd.com/film/zack-snyders-justice-league/,4.0,0
The Fallout,2021,https://letterboxd.com/film/the-fallout/,3.5,0
Cherry,2021,https://letterboxd.com/film/cherry-2021/,2.5,0
Chaos Walking,2021,https://letterboxd.com/film/chaos-walking/,2.0,0
The Cursed,2021,https://letterboxd.com/film/the-cursed-2021/,2.5,0
On the Count of Three,2021,https://letterboxd.com/film/on-the-count-of-three/,3.5,0
The Little Things,2021,https://letterboxd.com/film/the-little-things-2021/,2.5,0
Wonder Woman 1984,2020,https://letterboxd.com/film/wonder-woman-1984/,2.5,0
Riders of Justice,2020,https://letterboxd.com/film/riders-of-justice/,4.0,1
Soul,2020,https://letterboxd.com/film/soul-2020/,3.0,0
Freaky,2020,https://letterboxd.com/film/freaky/,3.0,0
Enola Holmes,2020,https://letterboxd.com/film/enola-holmes/,2.5,0
Another Round,2020,https://letterboxd.com/film/another-round/,5.0,0
I Care a Lot,2020,https://letterboxd.com/film/i-care-a-lot/,3.0,0
Nomadland,2020,https://letterboxd.com/film/nomadland/,3.0,0
Tenet,2020,https://letterboxd.com/film/tenet/,4.0,0
Project Power,2020,https://letterboxd.com/film/project-power-2020/,2.5,0
Shithouse,2020,https://letterboxd.com/film/shithouse/,3.5,0
The Tax Collector,2020,https://letterboxd.com/film/the-tax-collector/,1.0,0
The Old Guard,2020,https://letterboxd.com/film/the-old-guard-2020/,2.0,0
The Wrong Missy,2020,https://letterboxd.com/film/the-wrong-missy/,1.5,0
Capone,2020,https://letterboxd.com/film/capone-2020/,1.5,0
Rhubarb,2020,https://letterboxd.com/film/rhubarb-2020/,2.0,0
Extraction,2020,https://letterboxd.com/film/extraction-2020/,4.0,1
The New Mutants,2020,https://letterboxd.com/film/the-new-mutants/,2.5,0
Shiva Baby,2020,https://letterboxd.com/film/shiva-baby-2020/,4.0,0
The Invisible Man,2020,https://letterboxd.com/film/the-invisible-man-2020/,4.0,1
To All the Boys: P.S. I Still Love You,2020,https://letterboxd.com/film/to-all-the-boys-ps-i-still-love-you/,2.0,0
Nine Days,2020,https://letterboxd.com/film/nine-days/,3.5,0
Kajillionaire,2020,https://letterboxd.com/film/kajillionaire/,4.0,1
Possessor,2020,https://letterboxd.com/film/possessor/,4.0,1
Sonic the Hedgehog,2020,https://letterboxd.com/film/sonic-the-hedgehog/,2.0,0
Spree,2020,https://letterboxd.com/film/spree-2020/,2.5,0
The Night House,2020,https://letterboxd.com/film/the-night-house/,4.0,1
Zola,2020,https://letterboxd.com/film/zola/,2.5,0
Cats,2019,https://letterboxd.com/film/cats-2019/,5.0,0
Dark Waters,2019,https://letterboxd.com/film/dark-waters-2019/,4.5,0
Doctor Sleep,2019,https://letterboxd.com/film/doctor-sleep/,2.5,0
War,2019,https://letterboxd.com/film/war-2019/,3.0,0
In the Tall Grass,2019,https://letterboxd.com/film/in-the-tall-grass-2019/,1.5,0
Saint Maud,2019,https://letterboxd.com/film/saint-maud/,3.0,0
Knives Out,2019,https://letterboxd.com/film/knives-out-2019/,4.5,0
Sound of Metal,2019,https://letterboxd.com/film/sound-of-metal/,4.5,1
Joker,2019,https://letterboxd.com/film/joker-2019/,2.5,0
A Rainy Day in New York,2019,https://letterboxd.com/film/a-rainy-day-in-new-york/,1.5,0
Crawl,2019,https://letterboxd.com/film/crawl-2019/,2.0,0
The Lion King,2019,https://letterboxd.com/film/the-lion-king-2019/,1.0,0
Spider-Man: Far From Home,2019,https://letterboxd.com/film/spider-man-far-from-home/,3.0,0
Midsommar,2019,https://letterboxd.com/film/midsommar/,3.5,0
Men in Black: International,2019,https://letterboxd.com/film/men-in-black-international/,2.0,0
Dark Phoenix,2019,https://letterboxd.com/film/dark-phoenix/,2.0,0
Godzilla: King of the Monsters,2019,https://letterboxd.com/film/godzilla-king-of-the-monsters-2019/,2.0,0
Rocketman,2019,https://letterboxd.com/film/rocketman-2019/,3.0,0
John Wick: Chapter 3 – Parabellum,2019,https://letterboxd.com/film/john-wick-chapter-3-parabellum/,5.0,0
Yesterday,2019,https://letterboxd.com/film/yesterday-2019/,2.5,0
Shazam!,2019,https://letterboxd.com/film/shazam/,3.5,0
"Yes, God, Yes",2019,https://letterboxd.com/film/yes-god-yes-2019/,3.0,0
Us,2019,https://letterboxd.com/film/us-2019/,3.5,0
Glass,2019,https://letterboxd.com/film/glass-2019/,3.5,1
Vice,2018,https://letterboxd.com/film/vice-2018/,1.5,0
Spider-Man: Into the Spider-Verse,2018,https://letterboxd.com/film/spider-man-into-the-spider-verse/,5.0,1
Creed II,2018,https://letterboxd.com/film/creed-ii/,4.0,0
Bohemian Rhapsody,2018,https://letterboxd.com/film/bohemian-rhapsody/,1.0,0
The Head Hunter,2018,https://letterboxd.com/film/the-head-hunter-2018/,3.0,0
Venom,2018,https://letterboxd.com/film/venom-2018/,3.0,0
Halloween,2018,https://letterboxd.com/film/halloween-2018/,2.5,0
Beautiful Boy,2018,https://letterboxd.com/film/beautiful-boy-2018/,3.0,0
Outlaw King,2018,https://letterboxd.com/film/outlaw-king/,3.5,1
The Predator,2018,https://letterboxd.com/film/the-predator/,1.5,0
Suspiria,2018,https://letterboxd.com/film/suspiria-2018/,4.5,1
To All the Boys I've Loved Before,2018,https://letterboxd.com/film/to-all-the-boys-ive-loved-before/,2.0,0
Crazy Rich Asians,2018,https://letterboxd.com/film/crazy-rich-asians/,3.5,0
The Meg,2018,https://letterboxd.com/film/the-meg/,3.0,1
Christopher Robin,2018,https://letterboxd.com/film/christopher-robin/,3.0,0
Father of the Year,2018,https://letterboxd.com/film/father-of-the-year/,2.0,0
Ant-Man and the Wasp,2018,https://letterboxd.com/film/ant-man-and-the-wasp/,3.5,0
Climax,2018,https://letterboxd.com/film/climax-2018/,1.0,0
Thunder Road,2018,https://letterboxd.com/film/thunder-road-2018/,3.0,0
Upgrade,2018,https://letterboxd.com/film/upgrade/,3.5,1
Unfriended: Dark Web,2018,https://letterboxd.com/film/unfriended-dark-web/,2.5,0
Isle of Dogs,2018,https://letterboxd.com/film/isle-of-dogs-2018/,3.5,0
Hereditary,2018,https://letterboxd.com/film/hereditary/,4.0,0
Bright,2017,https://letterboxd.com/film/bright/,1.0,0
Phantom Thread,2017,https://letterboxd.com/film/phantom-thread/,5.0,1
Murder on the Orient Express,2017,https://letterboxd.com/film/murder-on-the-orient-express-2017/,2.5,0
The Ritual,2017,https://letterboxd.com/film/the-ritual-2017/,2.5,0
Stronger,2017,https://letterboxd.com/film/stronger/,2.5,0
mother!,2017,https://letterboxd.com/film/mother-2017/,3.0,0
Battle of the Sexes,2017,https://letterboxd.com/film/battle-of-the-sexes-2017/,3.0,1
First Reformed,2017,https://letterboxd.com/film/first-reformed/,5.0,1
The Emoji Movie,2017,https://letterboxd.com/film/the-emoji-movie/,0.5,0
Spider-Man: Homecoming,2017,https://letterboxd.com/film/spider-man-homecoming/,2.0,0
12 Feet Deep,2017,https://letterboxd.com/film/12-feet-deep/,1.0,0
Transformers: The Last Knight,2017,https://letterboxd.com/film/transformers-the-last-knight/,3.0,0
The Florida Project,2017,https://letterboxd.com/film/the-florida-project/,4.5,0
King Arthur: Legend of the Sword,2017,https://letterboxd.com/film/king-arthur-legend-of-the-sword/,2.5,0
The Boss Baby,2017,https://letterboxd.com/film/the-boss-baby/,3.5,0
Kong: Skull Island,2017,https://letterboxd.com/film/kong-skull-island/,4.0,1
Logan,2017,https://letterboxd.com/film/logan-2017/,5.0,1
John Wick: Chapter 2,2017,https://letterboxd.com/film/john-wick-chapter-2/,4.5,1
Get Out,2017,https://letterboxd.com/film/get-out-2017/,4.5,0
A Ghost Story,2017,https://letterboxd.com/film/a-ghost-story-2017/,3.5,0
Doctor Strange,2016,https://letterboxd.com/film/doctor-strange-2016/,3.0,0
Terrifier,2016,https://letterboxd.com/film/terrifier-2016/,2.0,0
Masterminds,2016,https://letterboxd.com/film/film:151796/,1.0,0
Nocturnal Animals,2016,https://letterboxd.com/film/nocturnal-animals/,1.5,0
Suicide Squad,2016,https://letterboxd.com/film/suicide-squad-2016/,0.5,0
Raw,2016,https://letterboxd.com/film/raw-2016/,3.0,0
The Nice Guys,2016,https://letterboxd.com/film/the-nice-guys/,4.5,0
Sausage Party,2016,https://letterboxd.com/film/sausage-party/,1.0,0
Hush,2016,https://letterboxd.com/film/hush-2016/,3.5,0
Don't Breathe,2016,https://letterboxd.com/film/dont-breathe-2016/,2.5,0
Batman v Superman: Dawn of Justice,2016,https://letterboxd.com/film/batman-v-superman-dawn-of-justice/,2.5,0
The Fundamentals of Caring,2016,https://letterboxd.com/film/the-fundamentals-of-caring/,3.0,0
Manchester by the Sea,2016,https://letterboxd.com/film/manchester-by-the-sea/,4.5,1
Captain Fantastic,2016,https://letterboxd.com/film/captain-fantastic/,4.0,1
Hunt for the Wilderpeople,2016,https://letterboxd.com/film/hunt-for-the-wilderpeople/,3.0,0
Swiss Army Man,2016,https://letterboxd.com/film/swiss-army-man/,4.0,0
Krampus,2015,https://letterboxd.com/film/krampus/,3.0,0
Creed,2015,https://letterboxd.com/film/creed/,4.5,1
Burnt,2015,https://letterboxd.com/film/burnt/,2.0,0
The Visit,2015,https://letterboxd.com/film/the-visit-2015/,3.5,1
Sinister 2,2015,https://letterboxd.com/film/sinister-2/,1.5,0
The Man from U.N.C.L.E.,2015,https://letterboxd.com/film/the-man-from-uncle/,3.5,0
Fantastic Four,2015,https://letterboxd.com/film/fantastic-four/,0.5,0
Ant-Man,2015,https://letterboxd.com/film/ant-man/,3.0,0
Magic Mike XXL,2015,https://letterboxd.com/film/magic-mike-xxl/,4.0,1
Macbeth,2015,https://letterboxd.com/film/macbeth-2015/,3.0,0
Mad Max: Fury Road,2015,https://letterboxd.com/film/mad-max-fury-road/,5.0,1
The DUFF,2015,https://letterboxd.com/film/the-duff/,1.5,0
The Witch,2015,https://letterboxd.com/film/the-witch-2015/,5.0,1
Tangerine,2015,https://letterboxd.com/film/tangerine/,4.5,0
Blackhat,2015,https://letterboxd.com/film/blackhat/,4.0,1
Interstellar,2014,https://letterboxd.com/film/interstellar/,4.5,1
John Wick,2014,https://letterboxd.com/film/john-wick/,4.0,1
Tusk,2014,https://letterboxd.com/film/tusk-2014/,1.5,0
"As Above, So Below",2014,https://letterboxd.com/film/as-above-so-below-2014/,2.5,0
Guardians of the Galaxy,2014,https://letterboxd.com/film/guardians-of-the-galaxy/,4.0,0
Unfriended,2014,https://letterboxd.com/film/unfriended/,2.0,0
Maleficent,2014,https://letterboxd.com/film/maleficent/,2.5,0
X-Men: Days of Future Past,2014,https://letterboxd.com/film/x-men-days-of-future-past/,4.5,0
Godzilla,2014,https://letterboxd.com/film/godzilla-2014/,3.0,0
Non-Stop,2014,https://letterboxd.com/film/non-stop-2014/,3.5,1
The Babadook,2014,https://letterboxd.com/film/the-babadook/,4.0,1
Thor: The Dark World,2013,https://letterboxd.com/film/thor-the-dark-world/,2.0,0
Insidious: Chapter 2,2013,https://letterboxd.com/film/insidious-chapter-2/,3.5,1
The Wolverine,2013,https://letterboxd.com/film/the-wolverine/,3.0,0
The World's End,2013,https://letterboxd.com/film/the-worlds-end/,3.5,1
After Earth,2013,https://letterboxd.com/film/after-earth/,2.5,0
Only God Forgives,2013,https://letterboxd.com/film/only-god-forgives/,3.5,0
Inside Llewyn Davis,2013,https://letterboxd.com/film/inside-llewyn-davis/,4.0,0
The Great Gatsby,2013,https://letterboxd.com/film/the-great-gatsby-2013/,3.5,0
Oblivion,2013,https://letterboxd.com/film/oblivion-2013/,3.0,0
Short Term 12,2013,https://letterboxd.com/film/short-term-12-2013/,4.5,0
Evil Dead,2013,https://letterboxd.com/film/evil-dead/,5.0,1
Identity Thief,2013,https://letterboxd.com/film/identity-thief/,2.0,0
Stoker,2013,https://letterboxd.com/film/stoker/,4.0,1
Fruitvale Station,2013,https://letterboxd.com/film/fruitvale-station/,4.0,0
End of Watch,2012,https://letterboxd.com/film/end-of-watch/,1.5,0
Frances Ha,2012,https://letterboxd.com/film/frances-ha/,4.5,1
Ek Tha Tiger,2012,https://letterboxd.com/film/ek-tha-tiger/,3.0,0
The Campaign,2012,https://letterboxd.com/film/the-campaign/,2.0,0
The Dark Knight Rises,2012,https://letterboxd.com/film/the-dark-knight-rises/,3.5,0
The Amazing Spider-Man,2012,https://letterboxd.com/film/the-amazing-spider-man/,2.5,0
Abraham Lincoln: Vampire Hunter,2012,https://letterboxd.com/film/abraham-lincoln-vampire-hunter/,5.0,0
That's My Boy,2012,https://letterboxd.com/film/thats-my-boy-2012/,2.0,0
Snow White and the Huntsman,2012,https://letterboxd.com/film/snow-white-and-the-huntsman/,2.5,0
The Grey,2011,https://letterboxd.com/film/the-grey/,2.5,0
The Thing,2011,https://letterboxd.com/film/the-thing-2011/,1.5,0
You're Next,2011,https://letterboxd.com/film/youre-next/,4.0,1
Wuthering Heights,2011,https://letterboxd.com/film/wuthering-heights-2011/,2.5,0
Shame,2011,https://letterboxd.com/film/shame-2011/,2.5,0
Rise of the Planet of the Apes,2011,https://letterboxd.com/film/rise-of-the-planet-of-the-apes/,3.0,0
"Crazy, Stupid, Love.",2011,https://letterboxd.com/film/crazy-stupid-love/,4.0,1
Transformers: Dark of the Moon,2011,https://letterboxd.com/film/transformers-dark-of-the-moon/,3.5,0
Drive,2011,https://letterboxd.com/film/drive-2011/,4.5,0
Midnight in Paris,2011,https://letterboxd.com/film/midnight-in-paris/,1.5,0
Thor,2011,https://letterboxd.com/film/thor/,3.5,0
Soul Surfer,2011,https://letterboxd.com/film/soul-surfer/,2.0,0
TRON: Legacy,2010,https://letterboxd.com/film/tron-legacy/,2.5,0
Insidious,2010,https://letterboxd.com/film/insidious/,3.5,0
The Man from Nowhere,2010,https://letterboxd.com/film/the-man-from-nowhere/,4.0,1
Predators,2010,https://letterboxd.com/film/predators/,2.5,0
Shutter Island,2010,https://letterboxd.com/film/shutter-island/,4.0,1
Frozen,2010,https://letterboxd.com/film/frozen-2010/,2.5,1
Sherlock Holmes,2009,https://letterboxd.com/film/sherlock-holmes-2009/,3.5,0
Avatar,2009,https://letterboxd.com/film/avatar/,4.5,0
The Fourth Kind,2009,https://letterboxd.com/film/the-fourth-kind/,2.5,0
Fantastic Mr. Fox,2009,https://letterboxd.com/film/fantastic-mr-fox/,4.5,0
Jennifer's Body,2009,https://letterboxd.com/film/jennifers-body/,4.5,1
Orphan,2009,https://letterboxd.com/film/orphan/,4.0,1
Transformers: Revenge of the Fallen,2009,https://letterboxd.com/film/transformers-revenge-of-the-fallen/,2.0,0
X-Men Origins: Wolverine,2009,https://letterboxd.com/film/x-men-origins-wolverine/,3.5,1
Drag Me to Hell,2009,https://letterboxd.com/film/drag-me-to-hell/,4.0,1
Adventureland,2009,https://letterboxd.com/film/adventureland/,3.5,0
The Wrestler,2008,https://letterboxd.com/film/the-wrestler/,4.0,0
Pineapple Express,2008,https://letterboxd.com/film/pineapple-express/,1.5,0
The Dark Knight,2008,https://letterboxd.com/film/the-dark-knight/,4.5,1
Journey to the Center of the Earth,2008,https://letterboxd.com/film/journey-to-the-center-of-the-earth-2008/,2.5,0
Lake Mungo,2008,https://letterboxd.com/film/lake-mungo/,2.0,0
The Happening,2008,https://letterboxd.com/film/the-happening/,3.5,1
The Strangers,2008,https://letterboxd.com/film/the-strangers/,2.5,0
Indiana Jones and the Kingdom of the Crystal Skull,2008,https://letterboxd.com/film/indiana-jones-and-the-kingdom-of-the-crystal-skull/,3.0,0
Speed Racer,2008,https://letterboxd.com/film/speed-racer/,4.5,1
Iron Man,2008,https://letterboxd.com/film/iron-man-2008/,4.0,0
Let the Right One In,2008,https://letterboxd.com/film/let-the-right-one-in/,4.0,1
Cloverfield,2008,https://letterboxd.com/film/cloverfield/,4.0,0
Trick 'r Treat,2007,https://letterboxd.com/film/trick-r-treat/,3.0,0
The Mist,2007,https://letterboxd.com/film/the-mist/,4.0,1
There Will Be Blood,2007,https://letterboxd.com/film/there-will-be-blood/,5.0,1
Paranormal Activity,2007,https://letterboxd.com/film/paranormal-activity/,3.5,0
Lars and the Real Girl,2007,https://letterboxd.com/film/lars-and-the-real-girl/,4.5,1
Michael Clayton,2007,https://letterboxd.com/film/michael-clayton/,4.0,0
Halloween,2007,https://letterboxd.com/film/halloween/,2.0,0
3:10 to Yuma,2007,https://letterboxd.com/film/310-to-yuma-2007/,4.0,0
Death Proof,2007,https://letterboxd.com/film/death-proof/,4.0,0
No Country for Old Men,2007,https://letterboxd.com/film/no-country-for-old-men/,5.0,1
Spider-Man 3,2007,https://letterboxd.com/film/spider-man-3/,4.0,1
Dead Silence,2007,https://letterboxd.com/film/dead-silence/,3.0,1
Atonement,2007,https://letterboxd.com/film/atonement/,3.5,0
The Fall,2006,https://letterboxd.com/film/the-fall/,3.5,0
Stranger Than Fiction,2006,https://letterboxd.com/film/stranger-than-fiction-2006/,3.0,0
Children of Men,2006,https://letterboxd.com/film/children-of-men/,4.5,0
Miami Vice,2006,https://letterboxd.com/film/miami-vice/,4.0,0
Lady in the Water,2006,https://letterboxd.com/film/lady-in-the-water/,4.5,1
The Omen,2006,https://letterboxd.com/film/the-omen-2006/,1.0,0
Marie Antoinette,2006,https://letterboxd.com/film/marie-antoinette-2006/,4.0,0
Mission: Impossible III,2006,https://letterboxd.com/film/mission-impossible-iii/,3.0,0
Silent Hill,2006,https://letterboxd.com/film/silent-hill/,3.0,0
The Family Stone,2005,https://letterboxd.com/film/the-family-stone/,2.0,0
King Kong,2005,https://letterboxd.com/film/king-kong-2005/,3.5,0
Just Friends,2005,https://letterboxd.com/film/just-friends/,2.0,0
The Gingerdead Man,2005,https://letterboxd.com/film/the-gingerdead-man/,1.0,0
Zathura: A Space Adventure,2005,https://letterboxd.com/film/zathura-a-space-adventure/,3.0,0
Red Eye,2005,https://letterboxd.com/film/red-eye/,3.5,0
Charlie and the Chocolate Factory,2005,https://letterboxd.com/film/charlie-and-the-chocolate-factory/,2.0,0
War of the Worlds,2005,https://letterboxd.com/film/war-of-the-worlds/,4.0,1
Batman Begins,2005,https://letterboxd.com/film/batman-begins/,4.0,0
A History of Violence,2005,https://letterboxd.com/film/a-history-of-violence/,3.0,0
The Descent,2005,https://letterboxd.com/film/the-descent/,3.0,0
Hitch,2005,https://letterboxd.com/film/hitch-2005/,3.0,0
The Life Aquatic with Steve Zissou,2004,https://letterboxd.com/film/the-life-aquatic-with-steve-zissou/,4.0,0
Mysterious Skin,2004,https://letterboxd.com/film/mysterious-skin/,4.5,1
AVP: Alien vs. Predator,2004,https://letterboxd.com/film/avp-alien-vs-predator/,3.0,1
Collateral,2004,https://letterboxd.com/film/collateral/,5.0,1
The Village,2004,https://letterboxd.com/film/the-village/,5.0,1
Spider-Man 2,2004,https://letterboxd.com/film/spider-man-2/,5.0,1
White Chicks,2004,https://letterboxd.com/film/white-chicks/,3.0,0
Kill Bill: The Whole Bloody Affair,2004,https://letterboxd.com/film/kill-bill-the-whole-bloody-affair/,4.5,1
The Notebook,2004,https://letterboxd.com/film/the-notebook/,4.0,0
The Lord of the Rings: The Return of the King,2003,https://letterboxd.com/film/the-lord-of-the-rings-the-return-of-the-king/,5.0,0
Monster,2003,https://letterboxd.com/film/monster/,2.0,0
Love Actually,2003,https://letterboxd.com/film/love-actually/,4.0,1
Freddy vs. Jason,2003,https://letterboxd.com/film/freddy-vs-jason/,3.0,0
Save the Green Planet!,2003,https://letterboxd.com/film/save-the-green-planet/,3.5,0
The Ring,2002,https://letterboxd.com/film/the-ring-2002/,4.5,0
Signs,2002,https://letterboxd.com/film/signs/,5.0,1
Minority Report,2002,https://letterboxd.com/film/minority-report/,4.5,1
Punch-Drunk Love,2002,https://letterboxd.com/film/punch-drunk-love/,4.5,0
Spider-Man,2002,https://letterboxd.com/film/spider-man/,5.0,1
Real Women Have Curves,2002,https://letterboxd.com/film/real-women-have-curves/,4.5,1
The Lord of the Rings: The Fellowship of the Ring,2001,https://letterboxd.com/film/the-lord-of-the-rings-the-fellowship-of-the-ring/,5.0,1
Lagaan: Once Upon a Time in India,2001,https://letterboxd.com/film/lagaan-once-upon-a-time-in-india/,5.0,1
Mulholland Drive,2001,https://letterboxd.com/film/mulholland-drive/,5.0,1
Moulin Rouge!,2001,https://letterboxd.com/film/moulin-rouge-2001/,5.0,1
Donnie Darko,2001,https://letterboxd.com/film/donnie-darko/,5.0,1
Unbreakable,2000,https://letterboxd.com/film/unbreakable/,4.5,1
Meet the Parents,2000,https://letterboxd.com/film/meet-the-parents/,4.5,1
Snatch,2000,https://letterboxd.com/film/snatch/,5.0,0
Scary Movie,2000,https://letterboxd.com/film/scary-movie-2000/,3.0,0
Mission: Impossible II,2000,https://letterboxd.com/film/mission-impossible-ii/,3.5,1
Dancer in the Dark,2000,https://letterboxd.com/film/dancer-in-the-dark/,3.5,0
Yi Yi,2000,https://letterboxd.com/film/yi-yi/,4.5,0
Requiem for a Dream,2000,https://letterboxd.com/film/requiem-for-a-dream/,4.0,1
Gladiator,2000,https://letterboxd.com/film/gladiator-2000/,4.5,1
Final Destination,2000,https://letterboxd.com/film/final-destination/,3.0,0
American Psycho,2000,https://letterboxd.com/film/american-psycho/,5.0,1
"Girl, Interrupted",1999,https://letterboxd.com/film/girl-interrupted/,4.5,1
Magnolia,1999,https://letterboxd.com/film/magnolia/,5.0,1
Sleepy Hollow,1999,https://letterboxd.com/film/sleepy-hollow/,3.5,1
But I'm a Cheerleader,1999,https://letterboxd.com/film/but-im-a-cheerleader/,4.0,1
Being John Malkovich,1999,https://letterboxd.com/film/being-john-malkovich/,4.0,0
The Sixth Sense,1999,https://letterboxd.com/film/the-sixth-sense/,5.0,1
Eyes Wide Shut,1999,https://letterboxd.com/film/eyes-wide-shut/,4.5,1
The Matrix,1999,https://letterboxd.com/film/the-matrix/,5.0,1
The Blair Witch Project,1999,https://letterboxd.com/film/the-blair-witch-project/,5.0,1
You've Got Mail,1998,https://letterboxd.com/film/youve-got-mail/,2.0,0
Rushmore,1998,https://letterboxd.com/film/rushmore/,4.5,1
Saving Private Ryan,1998,https://letterboxd.com/film/saving-private-ryan/,4.5,0
Armageddon,1998,https://letterboxd.com/film/armageddon/,3.5,0
As Good as It Gets,1997,https://letterboxd.com/film/as-good-as-it-gets/,2.0,0
Jackie Brown,1997,https://letterboxd.com/film/jackie-brown/,5.0,1
Cure,1997,https://letterboxd.com/film/cure/,4.0,1
Starship Troopers,1997,https://letterboxd.com/film/starship-troopers/,4.0,0
Titanic,1997,https://letterboxd.com/film/titanic-1997/,5.0,1
Boogie Nights,1997,https://letterboxd.com/film/boogie-nights/,5.0,0
Event Horizon,1997,https://letterboxd.com/film/event-horizon/,3.0,0
Neon Genesis Evangelion: The End of Evangelion,1997,https://letterboxd.com/film/neon-genesis-evangelion-the-end-of-evangelion/,5.0,1
Princess Mononoke,1997,https://letterboxd.com/film/princess-mononoke/,4.5,1
Gattaca,1997,https://letterboxd.com/film/gattaca/,3.5,1
Face/Off,1997,https://letterboxd.com/film/face-off/,5.0,1
Funny Games,1997,https://letterboxd.com/film/funny-games/,2.5,0
Anaconda,1997,https://letterboxd.com/film/anaconda/,3.0,1
Scream,1996,https://letterboxd.com/film/scream/,4.0,0
Jingle All the Way,1996,https://letterboxd.com/film/jingle-all-the-way/,3.0,0
The Long Kiss Goodnight,1996,https://letterboxd.com/film/the-long-kiss-goodnight/,4.0,1
Escape from L.A.,1996,https://letterboxd.com/film/escape-from-la/,3.5,1
Mission: Impossible,1996,https://letterboxd.com/film/mission-impossible/,4.5,1
Crash,1996,https://letterboxd.com/film/crash/,4.5,0
Twister,1996,https://letterboxd.com/film/twister/,4.0,1
Hard Eight,1996,https://letterboxd.com/film/hard-eight/,3.5,0
From Dusk Till Dawn,1996,https://letterboxd.com/film/from-dusk-till-dawn/,2.5,0
Magnetic Rose,1995,https://letterboxd.com/film/magnetic-rose/,4.0,1
Casino,1995,https://letterboxd.com/film/casino/,4.5,0
Showgirls,1995,https://letterboxd.com/film/showgirls/,4.0,1
Se7en,1995,https://letterboxd.com/film/se7en/,5.0,1
Strange Days,1995,https://letterboxd.com/film/strange-days/,4.5,1
Batman Forever,1995,https://letterboxd.com/film/batman-forever/,4.0,1
Crimson Tide,1995,https://letterboxd.com/film/crimson-tide/,4.0,1
The Quick and the Dead,1995,https://letterboxd.com/film/the-quick-and-the-dead-1995/,4.0,1
Before Sunrise,1995,https://letterboxd.com/film/before-sunrise/,4.5,0
In the Mouth of Madness,1994,https://letterboxd.com/film/in-the-mouth-of-madness/,5.0,1
True Lies,1994,https://letterboxd.com/film/true-lies/,4.0,0
The Crow,1994,https://letterboxd.com/film/the-crow/,4.5,1
Batman: Mask of the Phantasm,1993,https://letterboxd.com/film/batman-mask-of-the-phantasm/,4.0,0
The Nightmare Before Christmas,1993,https://letterboxd.com/film/the-nightmare-before-christmas/,4.0,1
Jurassic Park,1993,https://letterboxd.com/film/jurassic-park/,5.0,1
Naked,1993,https://letterboxd.com/film/naked/,4.0,1
Hard Target,1993,https://letterboxd.com/film/hard-target/,3.5,1
Malcolm X,1992,https://letterboxd.com/film/malcolm-x-1992/,5.0,1
Bram Stoker's Dracula,1992,https://letterboxd.com/film/bram-stokers-dracula/,4.5,1
Ghostwatch,1992,https://letterboxd.com/film/ghostwatch/,4.0,1
Wuthering Heights,1992,https://letterboxd.com/film/wuthering-heights-1992/,3.0,0
Army of Darkness,1992,https://letterboxd.com/film/army-of-darkness/,5.0,1
Praying with Anger,1992,https://letterboxd.com/film/praying-with-anger/,2.5,0
Candyman,1992,https://letterboxd.com/film/candyman/,4.5,1
Batman Returns,1992,https://letterboxd.com/film/batman-returns/,3.5,0
Twin Peaks: Fire Walk with Me,1992,https://letterboxd.com/film/twin-peaks-fire-walk-with-me/,5.0,1
Hard Boiled,1992,https://letterboxd.com/film/hard-boiled/,5.0,1
Deep Cover,1992,https://letterboxd.com/film/deep-cover/,4.5,0
White Men Can't Jump,1992,https://letterboxd.com/film/white-men-cant-jump/,3.5,1
Mississippi Masala,1991,https://letterboxd.com/film/mississippi-masala/,4.0,1
A Brighter Summer Day,1991,https://letterboxd.com/film/a-brighter-summer-day/,4.5,0
Terminator 2: Judgment Day,1991,https://letterboxd.com/film/terminator-2-judgment-day/,4.5,1
The Silence of the Lambs,1991,https://letterboxd.com/film/the-silence-of-the-lambs/,5.0,1
Predator 2,1990,https://letterboxd.com/film/predator-2/,3.0,0
Jacob's Ladder,1990,https://letterboxd.com/film/jacobs-ladder/,3.5,0
GoodFellas,1990,https://letterboxd.com/film/goodfellas/,4.0,0
Darkman,1990,https://letterboxd.com/film/darkman/,3.5,1
Bullet in the Head,1990,https://letterboxd.com/film/bullet-in-the-head/,5.0,1
Arachnophobia,1990,https://letterboxd.com/film/arachnophobia/,4.0,1
Days of Thunder,1990,https://letterboxd.com/film/days-of-thunder/,3.0,1
Total Recall,1990,https://letterboxd.com/film/total-recall/,4.0,1
Tremors,1990,https://letterboxd.com/film/tremors/,4.0,0
The Abyss,1989,https://letterboxd.com/film/the-abyss/,4.5,1
UHF,1989,https://letterboxd.com/film/uhf/,4.5,1
When Harry Met Sally...,1989,https://letterboxd.com/film/when-harry-met-sally/,4.5,0
Batman,1989,https://letterboxd.com/film/batman-1989/,2.5,0
Indiana Jones and the Last Crusade,1989,https://letterboxd.com/film/indiana-jones-and-the-last-crusade/,4.5,0
Do the Right Thing,1989,https://letterboxd.com/film/do-the-right-thing/,5.0,0
Pet Sematary,1989,https://letterboxd.com/film/pet-sematary/,3.5,1
Child's Play,1988,https://letterboxd.com/film/childs-play/,3.5,1
They Live,1988,https://letterboxd.com/film/they-live/,4.0,1
Cinema Paradiso,1988,https://letterboxd.com/film/cinema-paradiso/,5.0,1
The Vanishing,1988,https://letterboxd.com/film/the-vanishing/,4.0,1
Akira,1988,https://letterboxd.com/film/akira/,4.5,1
"Bright Lights, Big City",1988,https://letterboxd.com/film/bright-lights-big-city/,3.0,0
Beetlejuice,1988,https://letterboxd.com/film/beetlejuice/,4.0,0
Moonstruck,1987,https://letterboxd.com/film/moonstruck/,4.0,1
"Planes, Trains and Automobiles",1987,https://letterboxd.com/film/planes-trains-and-automobiles/,4.0,0
Prince of Darkness,1987,https://letterboxd.com/film/prince-of-darkness/,4.5,1
Slave Girls from Beyond Infinity,1987,https://letterboxd.com/film/slave-girls-from-beyond-infinity/,1.0,0
The Princess Bride,1987,https://letterboxd.com/film/the-princess-bride/,5.0,1
Hellraiser,1987,https://letterboxd.com/film/hellraiser/,4.0,0
RoboCop,1987,https://letterboxd.com/film/robocop/,4.0,1
Spaceballs,1987,https://letterboxd.com/film/spaceballs/,3.5,0
Predator,1987,https://letterboxd.com/film/predator/,4.5,1
Evil Dead II,1987,https://letterboxd.com/film/evil-dead-ii/,4.5,1
Raising Arizona,1987,https://letterboxd.com/film/raising-arizona/,3.5,0
The Color of Money,1986,https://letterboxd.com/film/the-color-of-money/,4.0,0
Peking Opera Blues,1986,https://letterboxd.com/film/peking-opera-blues/,4.5,1
The Fly,1986,https://letterboxd.com/film/the-fly-1986/,5.0,1
Aliens,1986,https://letterboxd.com/film/aliens/,5.0,1
Big Trouble in Little China,1986,https://letterboxd.com/film/big-trouble-in-little-china/,4.5,1
Top Gun,1986,https://letterboxd.com/film/top-gun/,3.5,1
After Hours,1985,https://letterboxd.com/film/after-hours/,4.5,1
Legend,1985,https://letterboxd.com/film/legend/,5.0,1
Dune,1984,https://letterboxd.com/film/dune/,3.0,0
A Nightmare on Elm Street,1984,https://letterboxd.com/film/a-nightmare-on-elm-street/,4.5,0
The Terminator,1984,https://letterboxd.com/film/the-terminator/,4.5,1
Amadeus,1984,https://letterboxd.com/film/amadeus/,5.0,1
Ghostbusters,1984,https://letterboxd.com/film/ghostbusters/,3.5,0
"Paris, Texas",1984,https://letterboxd.com/film/paris-texas/,5.0,0
Firestarter,1984,https://letterboxd.com/film/firestarter/,3.0,0
Indiana Jones and the Temple of Doom,1984,https://letterboxd.com/film/indiana-jones-and-the-temple-of-doom/,2.5,0
Christine,1983,https://letterboxd.com/film/christine-1983/,4.0,1
Risky Business,1983,https://letterboxd.com/film/risky-business/,3.5,0
Videodrome,1983,https://letterboxd.com/film/videodrome/,4.0,1
Tron,1982,https://letterboxd.com/film/tron/,3.0,0
The Thing,1982,https://letterboxd.com/film/the-thing/,5.0,1
Blade Runner,1982,https://letterboxd.com/film/blade-runner/,5.0,1
Rocky III,1982,https://letterboxd.com/film/rocky-iii/,4.0,0
My Dinner with Andre,1981,https://letterboxd.com/film/my-dinner-with-andre/,4.0,1
An American Werewolf in London,1981,https://letterboxd.com/film/an-american-werewolf-in-london/,4.0,1
Blow Out,1981,https://letterboxd.com/film/blow-out/,4.5,1
Possession,1981,https://letterboxd.com/film/possession/,4.5,1
Ms .45,1981,https://letterboxd.com/film/ms-45/,4.0,1
Escape from New York,1981,https://letterboxd.com/film/escape-from-new-york/,4.5,1
Thief,1981,https://letterboxd.com/film/thief/,5.0,1
The Howling,1981,https://letterboxd.com/film/the-howling/,3.0,1
Friday the 13th,1980,https://letterboxd.com/film/friday-the-13th/,2.5,0
All That Jazz,1979,https://letterboxd.com/film/all-that-jazz/,5.0,1
Alien,1979,https://letterboxd.com/film/alien/,5.0,1
Mad Max,1979,https://letterboxd.com/film/mad-max/,3.0,0
The Warriors,1979,https://letterboxd.com/film/the-warriors/,5.0,1
Nosferatu the Vampyre,1979,https://letterboxd.com/film/nosferatu-the-vampyre/,4.0,1
Invasion of the Body Snatchers,1978,https://letterboxd.com/film/invasion-of-the-body-snatchers-1978/,4.0,0
Superman,1978,https://letterboxd.com/film/superman/,4.0,1
Halloween,1978,https://letterboxd.com/film/halloween-1978/,3.5,0
Sorcerer,1977,https://letterboxd.com/film/sorcerer/,5.0,1
Annie Hall,1977,https://letterboxd.com/film/annie-hall/,3.0,0
Network,1976,https://letterboxd.com/film/network/,3.5,0
Assault on Precinct 13,1976,https://letterboxd.com/film/assault-on-precinct-13/,3.5,1
All the President's Men,1976,https://letterboxd.com/film/all-the-presidents-men/,5.0,1
The Rocky Horror Picture Show,1975,https://letterboxd.com/film/the-rocky-horror-picture-show/,5.0,0
Jaws,1975,https://letterboxd.com/film/jaws/,5.0,1
The Stepford Wives,1975,https://letterboxd.com/film/the-stepford-wives/,4.0,1
Messiah of Evil,1974,https://letterboxd.com/film/messiah-of-evil/,3.5,0
Phantom of the Paradise,1974,https://letterboxd.com/film/phantom-of-the-paradise/,4.5,1
Black Christmas,1974,https://letterboxd.com/film/black-christmas/,5.0,1
The Texas Chain Saw Massacre,1974,https://letterboxd.com/film/the-texas-chain-saw-massacre/,5.0,1
The Parallax View,1974,https://letterboxd.com/film/the-parallax-view/,4.0,1
The Exorcist,1973,https://letterboxd.com/film/the-exorcist/,5.0,1
The Wicker Man,1973,https://letterboxd.com/film/the-wicker-man/,3.5,0
Serpico,1973,https://letterboxd.com/film/serpico/,3.5,0
Paper Moon,1973,https://letterboxd.com/film/paper-moon/,5.0,1
Sisters,1972,https://letterboxd.com/film/sisters/,3.5,0
Dirty Harry,1971,https://letterboxd.com/film/dirty-harry/,3.5,0
The Devils,1971,https://letterboxd.com/film/the-devils/,5.0,1
Klute,1971,https://letterboxd.com/film/klute/,4.5,1
A Touch of Zen,1970,https://letterboxd.com/film/a-touch-of-zen/,4.5,0
The Great Silence,1968,https://letterboxd.com/film/the-great-silence/,4.5,1
Night of the Living Dead,1968,https://letterboxd.com/film/night-of-the-living-dead/,5.0,1
The Lion in Winter,1968,https://letterboxd.com/film/the-lion-in-winter/,4.0,1
Targets,1968,https://letterboxd.com/film/targets/,5.0,0
Rosemary's Baby,1968,https://letterboxd.com/film/rosemarys-baby/,4.5,0
2001: A Space Odyssey,1968,https://letterboxd.com/film/2001-a-space-odyssey/,5.0,1
Le Samouraï,1967,https://letterboxd.com/film/le-samourai/,4.5,1
Bonnie and Clyde,1967,https://letterboxd.com/film/bonnie-and-clyde/,4.0,1
"The Good, the Bad and the Ugly",1966,https://letterboxd.com/film/the-good-the-bad-and-the-ugly/,0.5,0
Le Bonheur,1965,https://letterboxd.com/film/happiness-1965/,4.5,0
The Train,1964,https://letterboxd.com/film/the-train/,4.5,0
Fail Safe,1964,https://letterboxd.com/film/fail-safe/,5.0,1
Dr. Strangelove or: How I Learned to Stop Worrying and Love the Bomb,1964,https://letterboxd.com/film/dr-strangelove-or-how-i-learned-to-stop-worrying-and-love-the-bomb/,4.0,0
High and Low,1963,https://letterboxd.com/film/high-and-low/,5.0,1
Irma la Douce,1963,https://letterboxd.com/film/irma-la-douce/,3.5,0
Lawrence of Arabia,1962,https://letterboxd.com/film/lawrence-of-arabia/,5.0,1
The Man Who Shot Liberty Valance,1962,https://letterboxd.com/film/the-man-who-shot-liberty-valance/,5.0,1
Cléo from 5 to 7,1962,https://letterboxd.com/film/cleo-from-5-to-7/,5.0,1
The Innocents,1961,https://letterboxd.com/film/the-innocents/,4.5,1
Psycho,1960,https://letterboxd.com/film/psycho/,5.0,1
The Apartment,1960,https://letterboxd.com/film/the-apartment/,5.0,1
Black Orpheus,1959,https://letterboxd.com/film/black-orpheus/,4.0,1
The Blob,1958,https://letterboxd.com/film/the-blob/,3.5,1
Vertigo,1958,https://letterboxd.com/film/vertigo/,4.5,0
Nights of Cabiria,1957,https://letterboxd.com/film/nights-of-cabiria/,5.0,1
Throne of Blood,1957,https://letterboxd.com/film/throne-of-blood/,4.5,0
A Man Escaped,1956,https://letterboxd.com/film/a-man-escaped/,4.5,1
The Ten Commandments,1956,https://letterboxd.com/film/the-ten-commandments-1956/,3.5,1
Invasion of the Body Snatchers,1956,https://letterboxd.com/film/invasion-of-the-body-snatchers/,3.0,0
Rear Window,1954,https://letterboxd.com/film/rear-window/,5.0,0
Johnny Guitar,1954,https://letterboxd.com/film/johnny-guitar/,4.5,1
Seven Samurai,1954,https://letterboxd.com/film/seven-samurai/,5.0,1
Gentlemen Prefer Blondes,1953,https://letterboxd.com/film/gentlemen-prefer-blondes/,4.0,0
The Naked Spur,1953,https://letterboxd.com/film/the-naked-spur/,4.0,0
Ikiru,1952,https://letterboxd.com/film/ikiru/,5.0,1
Singin' in the Rain,1952,https://letterboxd.com/film/singin-in-the-rain/,5.0,1
Sunset Boulevard,1950,https://letterboxd.com/film/sunset-boulevard/,5.0,0
The Third Man,1949,https://letterboxd.com/film/the-third-man/,4.5,0
The Red Shoes,1948,https://letterboxd.com/film/the-red-shoes/,5.0,1
Bicycle Thieves,1948,https://letterboxd.com/film/bicycle-thieves/,4.0,1
Black Narcissus,1947,https://letterboxd.com/film/black-narcissus/,4.5,1
It's a Wonderful Life,1946,https://letterboxd.com/film/its-a-wonderful-life/,4.5,1
My Darling Clementine,1946,https://letterboxd.com/film/my-darling-clementine/,4.5,0
The Wolf Man,1941,https://letterboxd.com/film/the-wolf-man-1941/,4.5,0
Ball of Fire,1941,https://letterboxd.com/film/ball-of-fire/,4.0,1
Rebecca,1940,https://letterboxd.com/film/rebecca/,4.5,0
Wuthering Heights,1939,https://letterboxd.com/film/wuthering-heights/,3.5,0
Stagecoach,1939,https://letterboxd.com/film/stagecoach/,4.0,0
Bride of Frankenstein,1935,https://letterboxd.com/film/bride-of-frankenstein/,4.0,1
It Happened One Night,1934,https://letterboxd.com/film/it-happened-one-night/,4.0,0
King Kong,1933,https://letterboxd.com/film/king-kong/,3.0,0
Frankenstein,1931,https://letterboxd.com/film/frankenstein-1931/,3.0,1
M,1931,https://letterboxd.com/film/m/,4.5,1
Metropolis,1927,https://letterboxd.com/film/metropolis/,5.0,1
The General,1926,https://letterboxd.com/film/the-general/,4.0,1
The Gold Rush,1925,https://letterboxd.com/film/the-gold-rush/,4.0,1
Sherlock Jr.,1924,https://letterboxd.com/film/sherlock-jr/,5.0,1
